StudentID,Name,Grade,Product,UnitPrice,Quantity,Total,Discount,FinalTotal,PurchaseDate,Region,PaymentMethod
STU1000,Student1,B,Eraser,22.59,2,45.18,8.66,36.52,2023-12-05,South,Cash
STU1001,Student2,D,Book,74.56,1,74.56,11.32,63.24,2023-07-17,North,Debit Card
STU1002,Student3,C,Pen,98.15,2,196.3,19.21,177.09,2023-05-23,South,Cash
STU1003,Student4,B,Pencil,70.85,1,70.85,13.38,57.47,2023-02-16,West,Credit Card
STU1004,Student5,A,Notebook,9.2,4,36.8,6.81,29.99,2023-10-09,South,Credit Card
STU1005,Student6,A,Notebook,58.95,2,117.9,7.38,110.52,2023-12-01,East,Online Payment
STU1006,Student7,A,Pencil,71.25,1,71.25,2.74,68.51,2023-11-24,South,Online Payment
STU1007,Student8,D,Book,97.25,3,291.75,46.41,245.34,2023-08-11,West,Cash
STU1008,Student9,C,Book,86.89,3,260.67,23.73,236.94,2023-04-13,West,Debit Card
STU1009,Student10,C,Book,8.52,3,25.56,1.86,23.7,2023-04-18,West,Online Payment
STU1010,Student11,A,Bag,16.45,2,32.9,5.82,27.08,2023-06-20,East,Credit Card
STU1011,Student12,D,Pencil,37.29,3,111.87,9.05,102.82,2023-02-08,South,Credit Card
STU1012,Student13,C,Eraser,34.95,1,34.95,3.76,31.19,2023-07-29,East,Cash
STU1013,Student14,A,Eraser,54.42,1,54.42,6.7,47.72,2023-11-07,South,Credit Card
STU1014,Student15,A,Notebook,48.88,2,97.76,0.42,97.34,2023-09-04,East,Cash
STU1015,Student16,A,Book,22.62,2,45.24,8.5,36.74,2023-08-15,South,Credit Card
STU1016,Student17,B,Pencil,11.65,2,23.3,1.63,21.67,2023-11-14,West,Credit Card
STU1017,Student18,B,Eraser,50.59,1,50.59,5.88,44.71,2023-08-24,West,Cash
STU1018,Student19,B,Bag,98.49,2,196.98,3.61,193.37,2023-12-25,East,Debit Card
STU1019,Student20,B,Pencil,54.64,1,54.64,2.61,52.03,2023-01-03,East,Online Payment
STU1020,Student21,C,Bag,49.39,4,197.56,11.35,186.21,2023-11-20,North,Online Payment
STU1021,Student22,A,Pencil,72.98,1,72.98,0.61,72.37,2023-07-12,South,Cash
STU1022,Student23,B,Book,91.48,3,274.44,23.48,250.96,2023-11-01,East,Debit Card
STU1023,Student24,B,Eraser,42.2,4,168.8,7.37,161.43,2023-10-20,East,Credit Card
STU1024,Student25,B,Pen,79.7,3,239.1,28.14,210.96,2023-10-22,West,Debit Card
STU1025,Student26,C,Eraser,88.52,2,177.04,21.27,155.77,2023-03-03,East,Credit Card
STU1026,Student27,A,Pen,63.27,1,63.27,9.41,53.86,2023-09-17,South,Credit Card
STU1027,Student28,B,Book,27.01,4,108.04,18.1,89.94,2023-11-06,West,Debit Card
STU1028,Student29,B,Pen,62.73,1,62.73,1.51,61.22,2023-04-17,North,Debit Card
STU1029,Student30,A,Bag,21.77,2,43.54,0.32,43.22,2023-09-16,North,Cash
STU1030,Student31,C,Pencil,83.49,1,83.49,0.97,82.52,2023-02-16,West,Credit Card
STU1031,Student32,A,Book,25.55,1,25.55,4.74,20.81,2023-08-29,East,Debit Card
STU1032,Student33,A,Notebook,21.52,2,43.04,4.44,38.6,2023-12-04,East,Online Payment
STU1033,Student34,D,Book,71.12,4,284.48,51.06,233.42,2023-08-15,West,Debit Card
STU1034,Student35,D,Book,26.32,4,105.28,15.75,89.53,2023-03-30,East,Cash
STU1035,Student36,C,Eraser,61.33,2,122.66,21.1,101.56,2023-09-24,North,Cash
STU1036,Student37,B,Book,88.36,3,265.08,14.47,250.61,2023-01-29,South,Cash
STU1037,Student38,A,Book,89.43,1,89.43,15.24,74.19,2023-06-19,East,Cash
STU1038,Student39,C,Bag,81.9,4,327.6,61.04,266.56,2023-08-14,East,Credit Card
STU1039,Student40,B,Pencil,43.8,3,131.4,0.13,131.27,2023-09-08,West,Cash
STU1040,Student41,A,Pen,73.72,2,147.44,15.71,131.73,2023-02-06,North,Cash
STU1041,Student42,B,Eraser,25.92,1,25.92,4.64,21.28,2023-03-22,West,Credit Card
STU1042,Student43,A,Notebook,10.84,1,10.84,1.04,9.8,2023-12-15,North,Debit Card
STU1043,Student44,D,Pencil,91.12,3,273.36,19.02,254.34,2023-12-20,West,Online Payment
STU1044,Student45,B,Bag,56.66,1,56.66,3.03,53.63,2023-09-19,South,Online Payment
STU1045,Student46,C,Bag,54.52,4,218.08,28.72,189.36,2023-12-19,South,Debit Card
STU1046,Student47,B,Eraser,19.95,4,79.8,11.31,68.49,2023-12-29,West,Cash
STU1047,Student48,B,Pen,27.68,1,27.68,3.77,23.91,2023-07-10,East,Credit Card
STU1048,Student49,B,Book,71.4,4,285.6,9.06,276.54,2023-08-23,West,Debit Card
STU1049,Student50,A,Bag,96.32,1,96.32,0.56,95.76,2023-01-23,North,Online Payment
STU1050,Student51,D,Bag,5.49,4,21.96,1.47,20.49,2023-06-07,East,Credit Card
STU1051,Student52,C,Notebook,91.33,2,182.66,29.88,152.78,2023-07-25,West,Online Payment
STU1052,Student53,D,Eraser,76.88,4,307.52,0.39,307.13,2023-08-12,East,Debit Card
STU1053,Student54,D,Bag,12.99,3,38.97,7.65,31.32,2023-01-17,West,Credit Card
STU1054,Student55,B,Pencil,16.01,2,32.02,4.06,27.96,2023-12-10,East,Online Payment
STU1055,Student56,D,Pencil,82.77,4,331.08,7.08,324.0,2023-03-15,North,Online Payment
STU1056,Student57,A,Pen,46.06,2,92.12,6.3,85.82,2023-03-01,North,Online Payment
STU1057,Student58,A,Eraser,22.05,1,22.05,0.45,21.6,2023-07-15,West,Cash
STU1058,Student59,A,Pencil,21.51,4,86.04,1.17,84.87,2023-08-07,West,Debit Card
STU1059,Student60,B,Bag,20.81,4,83.24,1.12,82.12,2023-07-12,West,Online Payment
STU1060,Student61,B,Notebook,10.5,4,42.0,0.38,41.62,2023-11-02,North,Debit Card
STU1061,Student62,B,Eraser,99.06,3,297.18,57.59,239.59,2023-06-13,East,Debit Card
STU1062,Student63,C,Eraser,66.52,4,266.08,40.35,225.73,2023-01-07,South,Online Payment
STU1063,Student64,B,Bag,11.23,1,11.23,0.73,10.5,2023-03-20,West,Online Payment
STU1064,Student65,B,Notebook,82.78,3,248.34,33.94,214.4,2023-01-26,North,Debit Card
STU1065,Student66,B,Bag,20.1,2,40.2,8.02,32.18,2023-04-09,South,Debit Card
STU1066,Student67,A,Pen,47.88,3,143.64,15.14,128.5,2023-10-12,South,Cash
STU1067,Student68,C,Pen,70.9,4,283.6,47.64,235.96,2023-06-24,North,Debit Card
STU1068,Student69,A,Pencil,69.65,2,139.3,3.66,135.64,2023-07-14,West,Credit Card
STU1069,Student70,D,Bag,95.33,4,381.32,2.39,378.93,2023-01-21,East,Debit Card
STU1070,Student71,C,Book,91.4,1,91.4,11.67,79.73,2023-09-19,East,Debit Card
STU1071,Student72,A,Pen,77.21,1,77.21,15.19,62.02,2023-09-14,North,Online Payment
STU1072,Student73,A,Bag,35.47,2,70.94,3.26,67.68,2023-06-12,South,Debit Card
STU1073,Student74,C,Eraser,7.96,1,7.96,1.14,6.82,2023-10-01,East,Online Payment
STU1074,Student75,C,Bag,87.11,4,348.44,37.86,310.58,2023-03-01,North,Debit Card
STU1075,Student76,C,Pen,22.62,1,22.62,0.41,22.21,2023-01-08,West,Online Payment
STU1076,Student77,C,Book,78.24,2,156.48,16.6,139.88,2023-07-18,North,Credit Card
STU1077,Student78,A,Notebook,64.49,4,257.96,15.18,242.78,2023-01-24,South,Cash
STU1078,Student79,B,Bag,92.48,3,277.44,10.29,267.15,2023-01-15,East,Credit Card
STU1079,Student80,A,Notebook,50.74,2,101.48,12.14,89.34,2023-08-24,East,Cash
STU1080,Student81,D,Eraser,28.52,1,28.52,1.14,27.38,2023-11-15,East,Cash
STU1081,Student82,C,Pen,66.89,1,66.89,3.6,63.29,2023-12-10,South,Cash
STU1082,Student83,B,Pencil,46.16,4,184.64,16.81,167.83,2023-03-13,South,Credit Card
STU1083,Student84,A,Notebook,49.14,2,98.28,7.71,90.57,2023-04-05,West,Cash
STU1084,Student85,B,Pencil,73.58,3,220.74,30.68,190.06,2023-10-16,North,Online Payment
STU1085,Student86,B,Bag,95.5,1,95.5,0.76,94.74,2023-08-02,North,Online Payment
STU1086,Student87,C,Bag,76.17,1,76.17,3.69,72.48,2023-02-15,West,Debit Card
STU1087,Student88,C,Book,18.54,4,74.16,7.15,67.01,2023-04-02,North,Online Payment
STU1088,Student89,D,Pencil,71.73,2,143.46,22.26,121.2,2023-08-30,South,Credit Card
STU1089,Student90,B,Pen,36.01,2,72.02,7.7,64.32,2023-08-21,West,Debit Card
STU1090,Student91,A,Notebook,38.31,1,38.31,6.32,31.99,2023-06-03,East,Debit Card
STU1091,Student92,C,Eraser,42.71,2,85.42,16.7,68.72,2023-03-31,East,Debit Card
STU1092,Student93,C,Bag,70.5,2,141.0,23.16,117.84,2023-04-16,South,Online Payment
STU1093,Student94,B,Bag,20.91,1,20.91,3.98,16.93,2023-11-13,South,Online Payment
STU1094,Student95,C,Pen,72.12,2,144.24,17.16,127.08,2023-03-14,South,Debit Card
STU1095,Student96,B,Book,9.94,4,39.76,2.38,37.38,2023-07-23,East,Online Payment
STU1096,Student97,B,Eraser,87.74,2,175.48,21.95,153.53,2023-03-25,East,Online Payment
STU1097,Student98,B,Book,37.25,3,111.75,10.83,100.92,2023-03-25,North,Credit Card
STU1098,Student99,A,Notebook,57.54,2,115.08,18.81,96.27,2023-01-03,West,Online Payment
STU1099,Student100,A,Pen,8.87,4,35.48,5.19,30.29,2023-01-12,West,Debit Card
STU1100,Student101,A,Notebook,28.47,1,28.47,2.73,25.74,2023-08-31,West,Debit Card
STU1101,Student102,C,Bag,25.83,3,77.49,7.29,70.2,2023-06-22,East,Cash
STU1102,Student103,B,Bag,22.3,3,66.9,5.8,61.1,2023-10-15,West,Debit Card
STU1103,Student104,B,Pen,52.33,2,104.66,0.44,104.22,2023-07-30,East,Online Payment
STU1104,Student105,D,Pen,26.7,4,106.8,11.59,95.21,2023-02-28,North,Cash
STU1105,Student106,A,Eraser,66.78,2,133.56,10.77,122.79,2023-04-03,North,Credit Card
STU1106,Student107,B,Pen,44.75,3,134.25,6.92,127.33,2023-11-28,West,Cash
STU1107,Student108,C,Pen,21.55,1,21.55,3.13,18.42,2023-01-24,North,Credit Card
STU1108,Student109,A,Eraser,45.42,4,181.68,26.72,154.96,2023-01-20,South,Credit Card
STU1109,Student110,A,Bag,52.96,2,105.92,18.37,87.55,2023-04-06,East,Online Payment
STU1110,Student111,B,Book,60.87,2,121.74,17.66,104.08,2023-08-16,East,Credit Card
STU1111,Student112,A,Bag,87.98,2,175.96,27.91,148.05,2023-10-22,East,Debit Card
STU1112,Student113,D,Pen,31.3,3,93.9,5.33,88.57,2023-05-05,West,Online Payment
STU1113,Student114,C,Bag,25.01,1,25.01,2.33,22.68,2023-01-21,East,Online Payment
STU1114,Student115,C,Pen,74.65,3,223.95,34.76,189.19,2023-04-10,North,Debit Card
STU1115,Student116,D,Eraser,91.36,3,274.08,34.67,239.41,2023-01-14,West,Debit Card
STU1116,Student117,C,Pen,97.28,3,291.84,24.11,267.73,2023-02-10,North,Debit Card
STU1117,Student118,A,Notebook,28.49,4,113.96,9.23,104.73,2023-01-14,North,Online Payment
STU1118,Student119,D,Pen,53.91,1,53.91,7.14,46.77,2023-08-19,East,Credit Card
STU1119,Student120,B,Eraser,20.53,3,61.59,3.85,57.74,2023-01-28,East,Cash
STU1120,Student121,C,Pen,29.52,1,29.52,0.05,29.47,2023-06-13,South,Online Payment
STU1121,Student122,D,Pencil,97.13,3,291.39,13.68,277.71,2023-01-10,North,Debit Card
STU1122,Student123,B,Notebook,11.98,2,23.96,1.59,22.37,2023-04-03,East,Cash
STU1123,Student124,A,Bag,37.02,2,74.04,2.16,71.88,2023-05-13,East,Online Payment
STU1124,Student125,A,Notebook,28.63,3,85.89,16.29,69.6,2023-11-09,East,Debit Card
STU1125,Student126,B,Bag,20.87,4,83.48,6.33,77.15,2023-04-17,East,Debit Card
STU1126,Student127,C,Bag,74.96,1,74.96,8.0,66.96,2023-11-01,West,Credit Card
STU1127,Student128,D,Notebook,85.2,4,340.8,30.42,310.38,2023-07-26,South,Cash
STU1128,Student129,A,Eraser,58.02,3,174.06,3.9,170.16,2023-11-30,North,Cash
STU1129,Student130,B,Eraser,10.42,3,31.26,1.45,29.81,2023-10-09,North,Cash
STU1130,Student131,B,Pencil,8.74,3,26.22,1.18,25.04,2023-09-02,West,Debit Card
STU1131,Student132,A,Pen,13.41,1,13.41,1.36,12.05,2023-07-25,East,Credit Card
STU1132,Student133,A,Book,70.38,4,281.52,55.55,225.97,2023-08-04,West,Online Payment
STU1133,Student134,B,Bag,70.17,2,140.34,26.72,113.62,2023-11-02,West,Cash
STU1134,Student135,D,Notebook,97.44,3,292.32,26.59,265.73,2023-06-27,East,Credit Card
STU1135,Student136,B,Eraser,37.55,2,75.1,2.1,73.0,2023-05-06,North,Credit Card
STU1136,Student137,B,Pen,34.25,4,137.0,25.75,111.25,2023-01-08,West,Credit Card
STU1137,Student138,C,Eraser,97.14,1,97.14,14.2,82.94,2023-06-06,South,Cash
STU1138,Student139,B,Eraser,47.16,1,47.16,9.09,38.07,2023-06-24,East,Credit Card
STU1139,Student140,D,Book,70.8,3,212.4,41.57,170.83,2023-04-24,North,Cash
STU1140,Student141,D,Bag,28.19,2,56.38,9.8,46.58,2023-08-20,West,Online Payment
STU1141,Student142,B,Book,78.01,3,234.03,43.57,190.46,2023-10-29,East,Cash
STU1142,Student143,B,Pen,92.27,1,92.27,3.98,88.29,2023-05-22,West,Credit Card
STU1143,Student144,B,Pen,42.42,1,42.42,4.9,37.52,2023-08-08,East,Credit Card
STU1144,Student145,B,Notebook,20.13,4,80.52,0.78,79.74,2023-03-14,South,Cash
STU1145,Student146,A,Book,87.31,1,87.31,15.21,72.1,2023-03-14,South,Credit Card
STU1146,Student147,C,Pen,13.6,3,40.8,6.03,34.77,2023-11-20,West,Debit Card
STU1147,Student148,B,Book,66.8,2,133.6,8.74,124.86,2023-04-12,South,Credit Card
STU1148,Student149,A,Bag,46.63,2,93.26,14.22,79.04,2023-10-06,East,Cash
STU1149,Student150,B,Notebook,46.38,3,139.14,10.45,128.69,2023-11-06,West,Cash
STU1150,Student151,D,Bag,66.66,1,66.66,4.33,62.33,2023-03-17,North,Online Payment
STU1151,Student152,A,Notebook,62.93,3,188.79,26.26,162.53,2023-11-12,North,Credit Card
STU1152,Student153,A,Pencil,57.11,1,57.11,2.71,54.4,2023-10-18,South,Credit Card
STU1153,Student154,B,Bag,26.59,2,53.18,6.24,46.94,2023-04-20,West,Online Payment
STU1154,Student155,D,Notebook,66.04,2,132.08,12.24,119.84,2023-01-03,North,Cash
STU1155,Student156,A,Pencil,56.52,4,226.08,23.47,202.61,2023-04-27,West,Cash
STU1156,Student157,C,Pen,82.31,1,82.31,6.26,76.05,2023-10-31,North,Cash
STU1157,Student158,C,Book,60.12,4,240.48,22.93,217.55,2023-02-12,South,Online Payment
STU1158,Student159,A,Eraser,77.66,2,155.32,23.2,132.12,2023-12-30,West,Credit Card
STU1159,Student160,C,Notebook,95.77,1,95.77,15.75,80.02,2023-04-17,East,Cash
STU1160,Student161,B,Book,5.72,3,17.16,0.24,16.92,2023-10-08,East,Credit Card
STU1161,Student162,C,Bag,67.2,3,201.6,2.43,199.17,2023-10-04,South,Online Payment
STU1162,Student163,C,Eraser,50.52,3,151.56,3.07,148.49,2023-02-21,North,Debit Card
STU1163,Student164,B,Bag,68.66,1,68.66,11.03,57.63,2023-10-18,North,Online Payment
STU1164,Student165,A,Pencil,60.19,2,120.38,14.69,105.69,2023-05-26,North,Debit Card
STU1165,Student166,C,Pencil,42.99,1,42.99,3.56,39.43,2023-12-11,East,Credit Card
STU1166,Student167,B,Pen,54.64,3,163.92,22.33,141.59,2023-03-15,East,Online Payment
STU1167,Student168,A,Bag,80.98,3,242.94,34.45,208.49,2023-11-08,East,Credit Card
STU1168,Student169,A,Book,80.37,1,80.37,4.12,76.25,2023-02-05,East,Debit Card
STU1169,Student170,B,Eraser,45.33,2,90.66,14.61,76.05,2023-06-21,East,Cash
STU1170,Student171,C,Pen,9.12,2,18.24,0.41,17.83,2023-05-21,South,Debit Card
STU1171,Student172,A,Notebook,62.15,2,124.3,12.81,111.49,2023-08-08,West,Debit Card
STU1172,Student173,B,Notebook,26.67,1,26.67,3.45,23.22,2023-05-01,South,Credit Card
STU1173,Student174,A,Pencil,84.79,4,339.16,52.23,286.93,2023-02-18,West,Cash
STU1174,Student175,C,Pen,27.5,1,27.5,1.66,25.84,2023-06-01,East,Debit Card
STU1175,Student176,A,Notebook,83.15,4,332.6,44.66,287.94,2023-12-11,West,Cash
STU1176,Student177,C,Bag,14.08,4,56.32,1.69,54.63,2023-08-30,East,Online Payment
STU1177,Student178,B,Pencil,19.53,1,19.53,2.88,16.65,2023-08-14,East,Debit Card
STU1178,Student179,D,Bag,49.92,1,49.92,0.96,48.96,2023-10-20,East,Cash
STU1179,Student180,A,Pen,65.99,4,263.96,10.88,253.08,2023-01-11,East,Cash
STU1180,Student181,B,Pen,27.03,2,54.06,6.83,47.23,2023-09-11,East,Online Payment
STU1181,Student182,A,Pen,18.47,4,73.88,2.02,71.86,2023-03-26,West,Online Payment
STU1182,Student183,D,Notebook,69.2,2,138.4,11.85,126.55,2023-06-16,East,Online Payment
STU1183,Student184,D,Eraser,73.83,3,221.49,43.91,177.58,2023-07-07,East,Debit Card
STU1184,Student185,B,Pen,82.78,4,331.12,47.97,283.15,2023-02-11,East,Cash
STU1185,Student186,C,Book,91.02,1,91.02,1.45,89.57,2023-08-20,East,Online Payment
STU1186,Student187,C,Eraser,66.3,4,265.2,10.18,255.02,2023-05-16,West,Credit Card
STU1187,Student188,B,Notebook,39.86,2,79.72,5.66,74.06,2023-07-15,South,Debit Card
STU1188,Student189,B,Bag,47.03,4,188.12,2.54,185.58,2023-01-05,North,Credit Card
STU1189,Student190,A,Notebook,11.64,4,46.56,5.03,41.53,2023-08-18,North,Debit Card
STU1190,Student191,A,Bag,61.32,3,183.96,19.61,164.35,2023-02-27,West,Credit Card
STU1191,Student192,D,Book,36.64,2,73.28,0.77,72.51,2023-06-21,North,Online Payment
STU1192,Student193,D,Bag,67.87,1,67.87,13.51,54.36,2023-10-13,West,Credit Card
STU1193,Student194,C,Bag,36.69,2,73.38,8.25,65.13,2023-02-05,North,Online Payment
STU1194,Student195,B,Bag,96.36,1,96.36,13.3,83.06,2023-11-07,East,Credit Card
STU1195,Student196,B,Book,55.9,2,111.8,9.45,102.35,2023-02-24,East,Debit Card
STU1196,Student197,C,Book,76.84,1,76.84,4.62,72.22,2023-05-16,West,Cash
STU1197,Student198,D,Eraser,80.57,4,322.28,24.66,297.62,2023-10-06,West,Online Payment
STU1198,Student199,D,Book,42.94,4,171.76,0.69,171.07,2023-12-26,East,Cash
STU1199,Student200,C,Eraser,78.02,1,78.02,13.14,64.88,2023-05-29,South,Online Payment
STU1200,Student201,C,Book,13.83,2,27.66,0.49,27.17,2023-08-19,East,Debit Card
STU1201,Student202,A,Eraser,87.15,1,87.15,14.4,72.75,2023-02-07,East,Credit Card
STU1202,Student203,A,Bag,20.13,1,20.13,0.15,19.98,2023-05-31,South,Credit Card
STU1203,Student204,D,Eraser,30.0,2,60.0,4.57,55.43,2023-09-15,East,Debit Card
STU1204,Student205,C,Pencil,94.01,1,94.01,9.58,84.43,2023-11-19,South,Cash
STU1205,Student206,A,Pen,42.71,3,128.13,24.15,103.98,2023-11-07,East,Cash
STU1206,Student207,A,Eraser,20.37,2,40.74,4.05,36.69,2023-12-08,North,Cash
STU1207,Student208,C,Pencil,58.82,4,235.28,9.81,225.47,2023-08-27,West,Cash
STU1208,Student209,A,Bag,42.73,2,85.46,13.97,71.49,2023-10-18,South,Online Payment
STU1209,Student210,A,Eraser,69.06,2,138.12,23.98,114.14,2023-05-14,South,Online Payment
STU1210,Student211,B,Pen,18.42,3,55.26,3.37,51.89,2023-03-14,West,Online Payment
STU1211,Student212,C,Pencil,35.64,3,106.92,3.71,103.21,2023-05-10,West,Credit Card
STU1212,Student213,C,Notebook,26.24,2,52.48,10.24,42.24,2023-09-13,West,Credit Card
STU1213,Student214,A,Notebook,93.61,2,187.22,4.96,182.26,2023-11-06,North,Online Payment
STU1214,Student215,C,Pencil,34.8,3,104.4,10.17,94.23,2023-04-20,North,Online Payment
STU1215,Student216,A,Bag,90.33,2,180.66,6.32,174.34,2023-01-25,North,Online Payment
STU1216,Student217,B,Book,68.3,2,136.6,1.86,134.74,2023-01-25,South,Credit Card
STU1217,Student218,C,Bag,27.09,1,27.09,2.98,24.11,2023-10-15,North,Cash
STU1218,Student219,C,Book,16.59,4,66.36,4.14,62.22,2023-11-30,North,Credit Card
STU1219,Student220,C,Pencil,88.23,1,88.23,1.86,86.37,2023-06-09,West,Online Payment
STU1220,Student221,C,Notebook,25.52,2,51.04,6.15,44.89,2023-05-31,West,Cash
STU1221,Student222,B,Bag,19.44,3,58.32,6.58,51.74,2023-09-23,South,Cash
STU1222,Student223,A,Pen,25.12,2,50.24,10.0,40.24,2023-09-10,South,Cash
STU1223,Student224,B,Bag,63.85,3,191.55,37.68,153.87,2023-03-24,North,Credit Card
STU1224,Student225,B,Eraser,21.21,1,21.21,0.51,20.7,2023-07-09,South,Online Payment
STU1225,Student226,A,Bag,30.21,3,90.63,12.55,78.08,2023-09-09,South,Online Payment
STU1226,Student227,D,Notebook,63.71,4,254.84,50.8,204.04,2023-09-30,East,Online Payment
STU1227,Student228,B,Book,27.1,4,108.4,6.64,101.76,2023-11-04,South,Cash
STU1228,Student229,D,Book,67.29,2,134.58,11.47,123.11,2023-03-04,East,Cash
STU1229,Student230,C,Pencil,80.25,3,240.75,21.66,219.09,2023-01-07,East,Debit Card
STU1230,Student231,C,Pencil,54.92,2,109.84,18.18,91.66,2023-08-17,South,Online Payment
STU1231,Student232,B,Pen,41.77,1,41.77,0.09,41.68,2023-03-03,East,Cash
STU1232,Student233,B,Bag,50.73,2,101.46,16.04,85.42,2023-05-29,South,Online Payment
STU1233,Student234,B,Pencil,77.23,2,154.46,5.86,148.6,2023-03-06,East,Credit Card
STU1234,Student235,A,Bag,35.73,2,71.46,3.45,68.01,2023-08-01,North,Credit Card
STU1235,Student236,C,Eraser,23.89,1,23.89,4.58,19.31,2023-06-13,West,Cash
STU1236,Student237,B,Pencil,40.28,1,40.28,4.41,35.87,2023-07-10,North,Online Payment
STU1237,Student238,A,Pencil,52.44,4,209.76,4.11,205.65,2023-10-09,West,Debit Card
STU1238,Student239,C,Notebook,17.08,2,34.16,2.22,31.94,2023-09-09,South,Credit Card
STU1239,Student240,A,Pen,66.91,3,200.73,15.09,185.64,2023-02-11,East,Online Payment
STU1240,Student241,D,Bag,79.58,1,79.58,2.12,77.46,2023-07-11,South,Debit Card
STU1241,Student242,D,Notebook,79.76,1,79.76,15.04,64.72,2023-05-10,South,Online Payment
STU1242,Student243,D,Pen,46.57,1,46.57,2.6,43.97,2023-08-30,West,Cash
STU1243,Student244,B,Book,8.65,4,34.6,5.41,29.19,2023-10-11,North,Debit Card
STU1244,Student245,A,Bag,65.53,2,131.06,10.13,120.93,2023-08-02,West,Credit Card
STU1245,Student246,D,Eraser,65.48,3,196.44,34.94,161.5,2023-12-09,South,Debit Card
STU1246,Student247,B,Pencil,54.25,3,162.75,3.44,159.31,2023-03-28,South,Credit Card
STU1247,Student248,D,Pen,69.62,1,69.62,0.53,69.09,2023-03-28,South,Credit Card
STU1248,Student249,D,Notebook,73.05,1,73.05,11.72,61.33,2023-06-01,North,Credit Card
STU1249,Student250,D,Pen,8.38,4,33.52,4.94,28.58,2023-11-10,West,Cash
STU1250,Student251,B,Pencil,48.88,4,195.52,13.67,181.85,2023-07-30,South,Cash
STU1251,Student252,B,Pencil,67.83,4,271.32,19.26,252.06,2023-09-18,South,Cash
STU1252,Student253,D,Book,57.21,2,114.42,17.49,96.93,2023-11-16,North,Online Payment
STU1253,Student254,B,Pen,45.31,3,135.93,2.23,133.7,2023-08-08,North,Debit Card
STU1254,Student255,A,Pen,90.4,4,361.6,55.63,305.97,2023-11-25,North,Cash
STU1255,Student256,B,Book,41.28,2,82.56,0.17,82.39,2023-10-19,South,Credit Card
STU1256,Student257,D,Book,63.43,2,126.86,1.76,125.1,2023-08-05,East,Debit Card
STU1257,Student258,C,Eraser,55.38,2,110.76,19.84,90.92,2023-09-23,North,Online Payment
STU1258,Student259,B,Book,80.88,4,323.52,30.69,292.83,2023-09-15,East,Debit Card
STU1259,Student260,A,Pencil,62.18,1,62.18,11.44,50.74,2023-10-15,North,Credit Card
STU1260,Student261,C,Pen,63.57,2,127.14,3.26,123.88,2023-09-28,West,Cash
STU1261,Student262,D,Eraser,15.53,2,31.06,1.4,29.66,2023-06-02,East,Credit Card
STU1262,Student263,A,Bag,40.72,2,81.44,7.16,74.28,2023-04-24,North,Cash
STU1263,Student264,B,Pen,94.59,2,189.18,35.12,154.06,2023-06-21,West,Debit Card
STU1264,Student265,D,Notebook,23.76,2,47.52,0.12,47.4,2023-05-02,West,Credit Card
STU1265,Student266,C,Eraser,82.51,3,247.53,43.53,204.0,2023-09-25,West,Cash
STU1266,Student267,C,Book,92.3,2,184.6,23.48,161.12,2023-05-29,West,Cash
STU1267,Student268,C,Eraser,97.95,2,195.9,28.54,167.36,2023-05-15,East,Cash
STU1268,Student269,B,Book,22.16,4,88.64,3.15,85.49,2023-03-27,South,Cash
STU1269,Student270,B,Bag,76.55,1,76.55,14.35,62.2,2023-10-12,West,Debit Card
STU1270,Student271,C,Pencil,74.15,2,148.3,3.91,144.39,2023-10-10,South,Cash
STU1271,Student272,C,Bag,96.69,3,290.07,29.35,260.72,2023-03-29,West,Cash
STU1272,Student273,D,Pencil,37.53,2,75.06,8.14,66.92,2023-07-08,West,Cash
STU1273,Student274,D,Eraser,75.63,3,226.89,13.5,213.39,2023-01-19,North,Online Payment
STU1274,Student275,B,Eraser,19.4,2,38.8,6.78,32.02,2023-10-08,East,Online Payment
STU1275,Student276,B,Pencil,77.31,3,231.93,7.46,224.47,2023-07-05,East,Debit Card
STU1276,Student277,C,Eraser,5.89,1,5.89,0.87,5.02,2023-01-03,South,Cash
STU1277,Student278,C,Pen,99.22,4,396.88,15.4,381.48,2023-11-16,South,Credit Card
STU1278,Student279,C,Notebook,81.01,3,243.03,15.11,227.92,2023-10-29,South,Cash
STU1279,Student280,C,Bag,63.52,3,190.56,26.22,164.34,2023-04-22,East,Credit Card
STU1280,Student281,D,Notebook,79.46,4,317.84,33.32,284.52,2023-08-22,East,Debit Card
STU1281,Student282,B,Pen,77.29,2,154.58,25.74,128.84,2023-01-14,West,Debit Card
STU1282,Student283,B,Bag,76.21,1,76.21,5.61,70.6,2023-03-16,South,Online Payment
STU1283,Student284,A,Book,76.85,3,230.55,14.09,216.46,2023-11-08,East,Credit Card
STU1284,Student285,B,Bag,52.69,2,105.38,7.76,97.62,2023-05-12,West,Debit Card
STU1285,Student286,A,Pencil,73.6,4,294.4,12.79,281.61,2023-06-03,South,Online Payment
STU1286,Student287,B,Eraser,42.19,1,42.19,0.02,42.17,2023-12-25,North,Credit Card
STU1287,Student288,B,Bag,5.31,2,10.62,0.35,10.27,2023-07-07,East,Online Payment
STU1288,Student289,B,Book,80.45,4,321.8,25.89,295.91,2023-03-12,East,Credit Card
STU1289,Student290,B,Book,50.69,2,101.38,14.67,86.71,2023-08-17,North,Online Payment
STU1290,Student291,A,Pen,60.1,3,180.3,25.35,154.95,2023-09-11,South,Credit Card
STU1291,Student292,A,Eraser,51.23,2,102.46,16.5,85.96,2023-06-08,North,Debit Card
STU1292,Student293,C,Pencil,7.18,3,21.54,2.15,19.39,2023-07-30,West,Debit Card
STU1293,Student294,B,Pen,10.56,1,10.56,1.58,8.98,2023-11-10,North,Credit Card
STU1294,Student295,A,Pencil,72.23,3,216.69,35.76,180.93,2023-01-19,East,Online Payment
STU1295,Student296,B,Eraser,46.82,4,187.28,4.58,182.7,2023-04-23,West,Online Payment
STU1296,Student297,C,Notebook,46.23,2,92.46,6.87,85.59,2023-04-23,East,Cash
STU1297,Student298,A,Pen,61.83,3,185.49,28.44,157.05,2023-11-09,South,Credit Card
STU1298,Student299,C,Notebook,93.65,1,93.65,3.25,90.4,2023-07-17,East,Debit Card
STU1299,Student300,A,Eraser,65.44,4,261.76,9.33,252.43,2023-07-17,South,Debit Card
STU1300,Student301,A,Pencil,99.16,4,396.64,30.45,366.19,2023-05-17,East,Online Payment
STU1301,Student302,B,Notebook,95.28,1,95.28,3.52,91.76,2023-03-02,North,Cash
STU1302,Student303,B,Pencil,98.07,3,294.21,1.54,292.67,2023-04-23,North,Online Payment
STU1303,Student304,C,Book,60.65,2,121.3,6.62,114.68,2023-12-03,West,Debit Card
STU1304,Student305,C,Eraser,93.31,3,279.93,52.66,227.27,2023-02-04,South,Credit Card
STU1305,Student306,D,Pencil,45.82,3,137.46,10.36,127.1,2023-11-16,North,Credit Card
STU1306,Student307,B,Pen,22.68,1,22.68,1.97,20.71,2023-07-11,North,Debit Card
STU1307,Student308,B,Book,50.88,2,101.76,12.85,88.91,2023-05-06,North,Debit Card
STU1308,Student309,C,Pencil,74.15,2,148.3,26.97,121.33,2023-10-07,South,Debit Card
STU1309,Student310,B,Pencil,74.3,2,148.6,1.7,146.9,2023-06-23,South,Credit Card
STU1310,Student311,B,Pen,62.97,4,251.88,20.09,231.79,2023-03-25,South,Cash
STU1311,Student312,A,Pen,67.41,4,269.64,0.72,268.92,2023-12-30,North,Debit Card
STU1312,Student313,A,Bag,9.24,2,18.48,0.97,17.51,2023-06-12,South,Cash
STU1313,Student314,D,Eraser,31.18,2,62.36,3.11,59.25,2023-12-02,South,Cash
STU1314,Student315,C,Bag,40.26,3,120.78,10.86,109.92,2023-07-24,South,Online Payment
STU1315,Student316,C,Pencil,30.47,1,30.47,2.97,27.5,2023-07-03,East,Credit Card
STU1316,Student317,B,Notebook,9.42,2,18.84,3.42,15.42,2023-01-21,North,Credit Card
STU1317,Student318,A,Book,55.58,1,55.58,8.58,47.0,2023-03-11,North,Online Payment
STU1318,Student319,A,Pen,90.48,2,180.96,26.51,154.45,2023-07-22,West,Credit Card
STU1319,Student320,B,Bag,96.52,3,289.56,51.09,238.47,2023-06-03,West,Cash
STU1320,Student321,B,Eraser,44.79,4,179.16,22.37,156.79,2023-06-14,South,Debit Card
STU1321,Student322,C,Bag,98.22,2,196.44,5.7,190.74,2023-03-28,West,Debit Card
STU1322,Student323,C,Book,23.82,4,95.28,6.45,88.83,2023-12-11,North,Cash
STU1323,Student324,B,Eraser,94.97,4,379.88,26.55,353.33,2023-06-10,South,Online Payment
STU1324,Student325,D,Bag,19.37,4,77.48,6.48,71.0,2023-11-23,West,Cash
STU1325,Student326,C,Notebook,69.96,1,69.96,7.32,62.64,2023-03-02,West,Debit Card
STU1326,Student327,B,Bag,26.6,4,106.4,15.38,91.02,2023-06-18,North,Cash
STU1327,Student328,C,Pencil,80.21,1,80.21,8.72,71.49,2023-07-17,West,Cash
STU1328,Student329,B,Pen,85.46,2,170.92,5.67,165.25,2023-01-02,North,Credit Card
STU1329,Student330,A,Eraser,68.1,1,68.1,9.11,58.99,2023-04-08,South,Debit Card
STU1330,Student331,B,Pencil,86.89,3,260.67,33.94,226.73,2023-03-27,South,Debit Card
STU1331,Student332,C,Eraser,32.61,3,97.83,10.03,87.8,2023-02-28,North,Online Payment
STU1332,Student333,A,Notebook,48.63,4,194.52,30.89,163.63,2023-02-18,West,Online Payment
STU1333,Student334,A,Pen,24.13,3,72.39,12.63,59.76,2023-06-03,North,Credit Card
STU1334,Student335,A,Bag,36.37,2,72.74,10.97,61.77,2023-05-23,East,Cash
STU1335,Student336,A,Book,24.46,1,24.46,3.23,21.23,2023-04-26,West,Cash
STU1336,Student337,D,Bag,87.7,3,263.1,49.81,213.29,2023-06-17,North,Debit Card
STU1337,Student338,C,Pencil,98.57,2,197.14,22.0,175.14,2023-03-07,South,Credit Card
STU1338,Student339,B,Eraser,11.19,2,22.38,1.54,20.84,2023-02-13,South,Online Payment
STU1339,Student340,A,Pen,56.18,4,224.72,35.88,188.84,2023-06-16,South,Debit Card
STU1340,Student341,B,Pencil,67.39,1,67.39,5.36,62.03,2023-07-16,North,Debit Card
STU1341,Student342,B,Pencil,96.63,4,386.52,14.43,372.09,2023-01-08,East,Cash
STU1342,Student343,A,Pencil,32.28,4,129.12,19.56,109.56,2023-03-26,South,Cash
STU1343,Student344,B,Pencil,34.67,1,34.67,2.75,31.92,2023-08-26,West,Cash
STU1344,Student345,B,Notebook,55.64,2,111.28,9.96,101.32,2023-09-25,West,Online Payment
STU1345,Student346,C,Book,20.77,4,83.08,14.24,68.84,2023-09-16,South,Cash
STU1346,Student347,C,Pen,90.23,3,270.69,53.25,217.44,2023-08-08,West,Cash
STU1347,Student348,A,Pencil,24.19,4,96.76,7.04,89.72,2023-06-25,West,Credit Card
STU1348,Student349,B,Pen,19.45,4,77.8,12.43,65.37,2023-09-03,South,Online Payment
STU1349,Student350,C,Notebook,86.4,1,86.4,13.89,72.51,2023-10-29,South,Credit Card
STU1350,Student351,B,Bag,35.37,1,35.37,2.96,32.41,2023-01-21,South,Credit Card
STU1351,Student352,D,Book,73.89,2,147.78,4.9,142.88,2023-04-12,West,Online Payment
STU1352,Student353,C,Eraser,98.08,3,294.24,9.55,284.69,2023-10-10,West,Online Payment
STU1353,Student354,A,Eraser,70.25,3,210.75,22.23,188.52,2023-10-08,North,Online Payment
STU1354,Student355,A,Bag,83.18,2,166.36,2.64,163.72,2023-05-13,East,Cash
STU1355,Student356,C,Pencil,97.48,4,389.92,66.92,323.0,2023-05-14,East,Credit Card
STU1356,Student357,A,Bag,72.47,4,289.88,57.28,232.6,2023-12-30,West,Debit Card
STU1357,Student358,B,Eraser,48.63,1,48.63,2.47,46.16,2023-05-11,East,Debit Card
STU1358,Student359,D,Notebook,88.58,2,177.16,6.16,171.0,2023-10-04,South,Cash
STU1359,Student360,B,Eraser,15.73,2,31.46,0.63,30.83,2023-06-12,North,Debit Card
STU1360,Student361,B,Pen,18.49,1,18.49,2.74,15.75,2023-12-04,South,Online Payment
STU1361,Student362,C,Pen,76.14,1,76.14,6.63,69.51,2023-05-30,West,Cash
STU1362,Student363,B,Pen,75.12,4,300.48,28.32,272.16,2023-09-28,West,Online Payment
STU1363,Student364,B,Notebook,29.13,1,29.13,0.74,28.39,2023-09-29,South,Online Payment
STU1364,Student365,D,Notebook,15.1,3,45.3,6.22,39.08,2023-06-05,East,Credit Card
STU1365,Student366,B,Bag,69.76,2,139.52,23.88,115.64,2023-05-04,South,Online Payment
STU1366,Student367,D,Bag,99.22,3,297.66,16.63,281.03,2023-07-10,North,Debit Card
STU1367,Student368,D,Eraser,37.34,2,74.68,7.66,67.02,2023-10-21,West,Cash
STU1368,Student369,A,Pen,39.24,1,39.24,0.26,38.98,2023-04-27,West,Credit Card
STU1369,Student370,A,Eraser,43.79,4,175.16,32.87,142.29,2023-02-08,North,Online Payment
STU1370,Student371,A,Eraser,81.7,4,326.8,43.46,283.34,2023-07-29,East,Credit Card
STU1371,Student372,A,Pencil,66.82,2,133.64,17.93,115.71,2023-04-01,South,Online Payment
STU1372,Student373,A,Pencil,42.03,2,84.06,7.74,76.32,2023-04-10,South,Online Payment
STU1373,Student374,C,Eraser,41.25,2,82.5,6.28,76.22,2023-01-30,West,Debit Card
STU1374,Student375,A,Eraser,81.22,3,243.66,20.59,223.07,2023-10-08,South,Cash
STU1375,Student376,B,Pencil,45.04,2,90.08,16.54,73.54,2023-08-03,North,Debit Card
STU1376,Student377,C,Eraser,17.11,1,17.11,1.0,16.11,2023-10-02,East,Cash
STU1377,Student378,A,Notebook,81.47,4,325.88,63.99,261.89,2023-07-25,West,Cash
STU1378,Student379,C,Pencil,74.03,3,222.09,27.91,194.18,2023-05-01,South,Cash
STU1379,Student380,B,Bag,31.74,3,95.22,8.57,86.65,2023-04-30,South,Credit Card
STU1380,Student381,A,Eraser,71.85,1,71.85,0.98,70.87,2023-10-13,South,Debit Card
STU1381,Student382,C,Pen,9.38,1,9.38,0.88,8.5,2023-03-30,East,Cash
STU1382,Student383,C,Notebook,83.33,1,83.33,4.95,78.38,2023-11-30,East,Cash
STU1383,Student384,D,Pencil,75.6,4,302.4,3.9,298.5,2023-09-21,West,Debit Card
STU1384,Student385,C,Bag,88.34,1,88.34,10.48,77.86,2023-04-30,East,Online Payment
STU1385,Student386,C,Notebook,22.61,3,67.83,7.21,60.62,2023-03-03,West,Cash
STU1386,Student387,B,Bag,80.48,2,160.96,13.82,147.14,2023-09-24,South,Debit Card
STU1387,Student388,A,Bag,99.57,2,199.14,22.84,176.3,2023-05-29,West,Cash
STU1388,Student389,C,Notebook,11.05,4,44.2,1.95,42.25,2023-06-21,East,Cash
STU1389,Student390,C,Pencil,15.92,1,15.92,1.67,14.25,2023-11-20,East,Online Payment
STU1390,Student391,D,Pen,87.51,2,175.02,30.77,144.25,2023-03-06,North,Debit Card
STU1391,Student392,B,Pencil,7.39,3,22.17,1.91,20.26,2023-11-28,South,Debit Card
STU1392,Student393,B,Pen,91.51,2,183.02,28.33,154.69,2023-12-27,West,Online Payment
STU1393,Student394,C,Bag,37.38,4,149.52,13.26,136.26,2023-08-20,East,Credit Card
STU1394,Student395,B,Book,95.07,2,190.14,22.5,167.64,2023-06-06,West,Debit Card
STU1395,Student396,D,Pen,65.76,3,197.28,20.22,177.06,2023-01-28,East,Debit Card
STU1396,Student397,D,Pen,27.25,4,109.0,10.63,98.37,2023-12-08,North,Debit Card
STU1397,Student398,B,Eraser,29.95,4,119.8,14.39,105.41,2023-12-27,North,Cash
STU1398,Student399,C,Notebook,53.1,3,159.3,12.97,146.33,2023-08-02,North,Credit Card
STU1399,Student400,C,Pen,29.17,1,29.17,0.23,28.94,2023-09-19,South,Credit Card
STU1400,Student401,A,Pen,9.34,4,37.36,1.78,35.58,2023-12-28,North,Debit Card
STU1401,Student402,D,Eraser,97.3,1,97.3,9.2,88.1,2023-12-21,East,Online Payment
STU1402,Student403,B,Pencil,23.63,3,70.89,6.34,64.55,2023-12-06,West,Credit Card
STU1403,Student404,C,Eraser,24.66,1,24.66,2.65,22.01,2023-02-18,South,Credit Card
STU1404,Student405,B,Pencil,5.73,2,11.46,1.91,9.55,2023-12-19,South,Online Payment
STU1405,Student406,D,Eraser,37.19,1,37.19,3.26,33.93,2023-07-11,West,Credit Card
STU1406,Student407,B,Book,53.7,3,161.1,1.43,159.67,2023-08-21,North,Debit Card
STU1407,Student408,A,Book,42.72,1,42.72,2.43,40.29,2023-01-17,East,Online Payment
STU1408,Student409,D,Notebook,15.81,3,47.43,8.35,39.08,2023-07-02,East,Cash
STU1409,Student410,A,Pen,88.05,1,88.05,11.89,76.16,2023-05-27,South,Credit Card
STU1410,Student411,B,Eraser,47.81,3,143.43,7.88,135.55,2023-01-01,South,Credit Card
STU1411,Student412,D,Pencil,42.04,3,126.12,10.37,115.75,2023-04-19,East,Cash
STU1412,Student413,D,Pen,62.75,4,251.0,14.9,236.1,2023-03-31,South,Debit Card
STU1413,Student414,B,Pencil,95.73,2,191.46,27.62,163.84,2023-06-02,East,Cash
STU1414,Student415,C,Pencil,65.46,3,196.38,28.18,168.2,2023-08-03,North,Debit Card
STU1415,Student416,B,Notebook,8.85,4,35.4,4.86,30.54,2023-11-20,South,Credit Card
STU1416,Student417,B,Notebook,41.46,3,124.38,16.48,107.9,2023-05-27,West,Debit Card
STU1417,Student418,B,Notebook,61.65,4,246.6,37.05,209.55,2023-08-13,East,Online Payment
STU1418,Student419,C,Notebook,43.4,3,130.2,9.24,120.96,2023-09-15,West,Debit Card
STU1419,Student420,C,Eraser,68.51,1,68.51,8.86,59.65,2023-11-03,East,Debit Card
STU1420,Student421,C,Pen,61.4,2,122.8,12.33,110.47,2023-02-20,West,Debit Card
STU1421,Student422,C,Pen,91.76,1,91.76,2.83,88.93,2023-09-16,West,Credit Card
STU1422,Student423,A,Eraser,73.78,3,221.34,32.8,188.54,2023-04-03,West,Credit Card
STU1423,Student424,B,Eraser,11.31,4,45.24,8.97,36.27,2023-09-15,West,Debit Card
STU1424,Student425,A,Pencil,6.11,2,12.22,1.3,10.92,2023-08-23,East,Credit Card
STU1425,Student426,B,Eraser,51.17,1,51.17,4.09,47.08,2023-12-23,North,Debit Card
STU1426,Student427,B,Notebook,16.69,1,16.69,0.72,15.97,2023-10-06,West,Cash
STU1427,Student428,D,Pencil,82.59,2,165.18,27.94,137.24,2023-04-17,South,Credit Card
STU1428,Student429,B,Pencil,45.84,3,137.52,2.13,135.39,2023-03-14,East,Debit Card
STU1429,Student430,A,Notebook,34.1,2,68.2,8.05,60.15,2023-12-30,East,Cash
STU1430,Student431,A,Bag,80.85,3,242.55,21.84,220.71,2023-06-21,East,Debit Card
STU1431,Student432,C,Notebook,92.08,3,276.24,5.46,270.78,2023-03-16,North,Cash
STU1432,Student433,C,Pencil,60.31,2,120.62,8.93,111.69,2023-04-28,West,Online Payment
STU1433,Student434,A,Eraser,72.03,1,72.03,7.57,64.46,2023-10-17,East,Debit Card
STU1434,Student435,A,Bag,20.85,1,20.85,2.69,18.16,2023-02-25,East,Debit Card
STU1435,Student436,C,Eraser,77.38,3,232.14,7.17,224.97,2023-06-06,South,Debit Card
STU1436,Student437,A,Eraser,54.14,2,108.28,13.79,94.49,2023-05-06,East,Debit Card
STU1437,Student438,C,Eraser,61.62,1,61.62,8.34,53.28,2023-11-21,East,Credit Card
STU1438,Student439,C,Bag,55.45,4,221.8,9.67,212.13,2023-07-23,South,Online Payment
STU1439,Student440,A,Notebook,58.17,3,174.51,24.02,150.49,2023-12-31,West,Online Payment
STU1440,Student441,A,Bag,97.34,2,194.68,1.07,193.61,2023-03-08,South,Credit Card
STU1441,Student442,D,Pen,96.58,4,386.32,7.67,378.65,2023-12-29,East,Debit Card
STU1442,Student443,B,Pencil,41.86,2,83.72,6.62,77.1,2023-09-19,West,Cash
STU1443,Student444,B,Eraser,76.84,3,230.52,22.49,208.03,2023-05-02,North,Credit Card
STU1444,Student445,C,Bag,16.03,2,32.06,2.4,29.66,2023-02-04,East,Credit Card
STU1445,Student446,D,Notebook,89.4,4,357.6,71.15,286.45,2023-07-20,North,Cash
STU1446,Student447,D,Pen,98.48,1,98.48,11.95,86.53,2023-05-06,North,Cash
STU1447,Student448,C,Pen,42.0,1,42.0,8.15,33.85,2023-10-05,East,Cash
STU1448,Student449,B,Eraser,56.43,1,56.43,5.39,51.04,2023-06-11,South,Credit Card
STU1449,Student450,A,Pencil,20.99,1,20.99,3.5,17.49,2023-02-11,North,Cash
STU1450,Student451,C,Notebook,83.55,1,83.55,3.25,80.3,2023-12-07,North,Debit Card
STU1451,Student452,B,Notebook,37.53,4,150.12,7.06,143.06,2023-05-19,East,Debit Card
STU1452,Student453,B,Pencil,57.98,3,173.94,5.75,168.19,2023-10-07,South,Online Payment
STU1453,Student454,D,Bag,99.97,1,99.97,12.52,87.45,2023-05-19,West,Credit Card
STU1454,Student455,A,Book,24.69,1,24.69,4.91,19.78,2023-09-09,South,Debit Card
STU1455,Student456,B,Book,33.55,2,67.1,7.64,59.46,2023-09-07,North,Credit Card
STU1456,Student457,A,Pencil,48.84,3,146.52,11.58,134.94,2023-10-11,North,Cash
STU1457,Student458,B,Pencil,85.99,1,85.99,9.34,76.65,2023-05-27,South,Online Payment
STU1458,Student459,A,Pencil,17.58,3,52.74,9.59,43.15,2023-09-24,West,Debit Card
STU1459,Student460,A,Book,38.58,3,115.74,20.14,95.6,2023-05-29,South,Cash
STU1460,Student461,A,Book,75.86,3,227.58,5.68,221.9,2023-07-03,West,Cash
STU1461,Student462,C,Eraser,31.2,2,62.4,0.43,61.97,2023-03-11,East,Cash
STU1462,Student463,C,Eraser,19.14,3,57.42,5.89,51.53,2023-04-18,North,Online Payment
STU1463,Student464,B,Eraser,50.92,4,203.68,20.04,183.64,2023-07-02,North,Credit Card
STU1464,Student465,D,Eraser,40.66,2,81.32,8.5,72.82,2023-08-04,East,Credit Card
STU1465,Student466,B,Eraser,46.92,3,140.76,14.39,126.37,2023-09-06,West,Credit Card
STU1466,Student467,B,Pen,39.42,1,39.42,6.82,32.6,2023-08-07,North,Debit Card
STU1467,Student468,D,Notebook,43.72,3,131.16,15.79,115.37,2023-08-27,East,Cash
STU1468,Student469,A,Eraser,59.49,1,59.49,5.67,53.82,2023-11-25,West,Cash
STU1469,Student470,D,Book,10.65,1,10.65,0.94,9.71,2023-08-13,East,Credit Card
STU1470,Student471,A,Notebook,89.84,3,269.52,16.81,252.71,2023-11-19,West,Credit Card
STU1471,Student472,D,Notebook,47.59,1,47.59,9.25,38.34,2023-07-08,East,Online Payment
STU1472,Student473,A,Book,93.01,4,372.04,56.74,315.3,2023-01-22,North,Cash
STU1473,Student474,D,Bag,70.33,3,210.99,36.8,174.19,2023-10-25,East,Cash
STU1474,Student475,B,Pencil,65.09,1,65.09,4.67,60.42,2023-07-13,West,Cash
STU1475,Student476,D,Pencil,36.67,3,110.01,4.64,105.37,2023-02-26,East,Online Payment
STU1476,Student477,A,Book,80.37,3,241.11,48.12,192.99,2023-09-21,South,Debit Card
STU1477,Student478,B,Pencil,99.49,4,397.96,23.45,374.51,2023-05-15,South,Debit Card
STU1478,Student479,D,Notebook,9.2,4,36.8,6.14,30.66,2023-01-01,West,Debit Card
STU1479,Student480,B,Bag,11.56,1,11.56,1.74,9.82,2023-07-07,North,Credit Card
STU1480,Student481,C,Book,67.56,3,202.68,35.85,166.83,2023-02-04,North,Online Payment
STU1481,Student482,C,Pen,63.29,4,253.16,20.21,232.95,2023-10-17,South,Online Payment
STU1482,Student483,B,Pen,12.38,4,49.52,6.81,42.71,2023-12-24,North,Debit Card
STU1483,Student484,C,Pencil,34.08,4,136.32,3.03,133.29,2023-07-07,North,Online Payment
STU1484,Student485,B,Eraser,59.82,4,239.28,3.46,235.82,2023-03-02,North,Cash
STU1485,Student486,D,Pen,14.59,2,29.18,1.75,27.43,2023-05-25,South,Credit Card
STU1486,Student487,A,Eraser,52.56,2,105.12,5.09,100.03,2023-12-24,West,Debit Card
STU1487,Student488,B,Pencil,9.77,2,19.54,2.78,16.76,2023-07-03,South,Debit Card
STU1488,Student489,D,Pen,33.05,4,132.2,22.83,109.37,2023-08-03,South,Online Payment
STU1489,Student490,D,Bag,93.28,2,186.56,9.93,176.63,2023-04-28,North,Online Payment
STU1490,Student491,B,Pen,35.54,1,35.54,5.99,29.55,2023-08-21,North,Debit Card
STU1491,Student492,C,Bag,25.83,1,25.83,3.12,22.71,2023-02-22,East,Debit Card
STU1492,Student493,B,Pencil,44.53,1,44.53,1.09,43.44,2023-12-03,West,Debit Card
STU1493,Student494,A,Pen,73.38,4,293.52,26.38,267.14,2023-01-10,North,Credit Card
STU1494,Student495,B,Pencil,83.04,2,166.08,2.38,163.7,2023-06-09,East,Credit Card
STU1495,Student496,B,Book,55.0,2,110.0,15.71,94.29,2023-02-22,East,Credit Card
STU1496,Student497,B,Pencil,81.38,2,162.76,18.34,144.42,2023-09-17,South,Online Payment
STU1497,Student498,A,Pen,18.57,3,55.71,8.03,47.68,2023-01-12,West,Cash
STU1498,Student499,D,Notebook,52.19,2,104.38,18.41,85.97,2023-09-05,North,Debit Card
STU1499,Student500,D,Pencil,64.81,3,194.43,10.56,183.87,2023-02-18,South,Online Payment
STU1500,Student501,C,Pencil,35.17,3,105.51,3.99,101.52,2023-12-15,North,Credit Card
STU1501,Student502,B,Book,9.45,4,37.8,4.49,33.31,2023-07-28,West,Credit Card
STU1502,Student503,B,Book,10.96,2,21.92,2.05,19.87,2023-11-21,East,Credit Card
STU1503,Student504,C,Book,94.34,4,377.36,23.87,353.49,2023-05-19,South,Cash
STU1504,Student505,C,Bag,83.54,3,250.62,13.55,237.07,2023-06-11,South,Online Payment
STU1505,Student506,A,Book,34.77,4,139.08,25.23,113.85,2023-11-03,West,Credit Card
STU1506,Student507,D,Eraser,46.21,1,46.21,3.49,42.72,2023-02-25,North,Debit Card
STU1507,Student508,C,Notebook,96.59,1,96.59,2.24,94.35,2023-08-06,North,Credit Card
STU1508,Student509,D,Bag,58.64,4,234.56,29.68,204.88,2023-04-30,West,Online Payment
STU1509,Student510,C,Book,69.21,3,207.63,6.93,200.7,2023-08-23,East,Online Payment
STU1510,Student511,C,Pencil,68.31,1,68.31,3.8,64.51,2023-01-11,South,Online Payment
STU1511,Student512,B,Bag,95.32,3,285.96,53.99,231.97,2023-07-20,West,Online Payment
STU1512,Student513,D,Book,15.01,3,45.03,5.71,39.32,2023-10-20,West,Cash
STU1513,Student514,D,Bag,9.58,1,9.58,0.96,8.62,2023-12-25,South,Credit Card
STU1514,Student515,A,Book,52.54,1,52.54,5.0,47.54,2023-05-26,North,Debit Card
STU1515,Student516,A,Pencil,65.27,3,195.81,14.48,181.33,2023-01-13,South,Debit Card
STU1516,Student517,B,Notebook,44.57,1,44.57,3.71,40.86,2023-01-16,East,Credit Card
STU1517,Student518,C,Book,40.26,2,80.52,7.61,72.91,2023-04-10,North,Credit Card
STU1518,Student519,D,Book,69.39,1,69.39,0.5,68.89,2023-08-04,East,Debit Card
STU1519,Student520,A,Eraser,93.43,4,373.72,55.21,318.51,2023-01-28,South,Credit Card
STU1520,Student521,B,Pen,97.59,4,390.36,30.85,359.51,2023-11-06,West,Cash
STU1521,Student522,B,Eraser,23.93,4,95.72,1.63,94.09,2023-08-23,East,Online Payment
STU1522,Student523,D,Notebook,39.94,1,39.94,6.58,33.36,2023-02-23,North,Credit Card
STU1523,Student524,C,Book,54.01,4,216.04,4.32,211.72,2023-03-15,East,Debit Card
STU1524,Student525,C,Pen,6.4,1,6.4,1.17,5.23,2023-09-15,West,Debit Card
STU1525,Student526,B,Pencil,6.84,4,27.36,5.19,22.17,2023-06-12,West,Cash
STU1526,Student527,B,Notebook,51.82,3,155.46,10.27,145.19,2023-09-25,East,Cash
STU1527,Student528,B,Eraser,61.54,4,246.16,35.69,210.47,2023-08-16,North,Credit Card
STU1528,Student529,A,Pencil,8.96,2,17.92,2.43,15.49,2023-12-06,West,Online Payment
STU1529,Student530,D,Bag,48.22,4,192.88,29.82,163.06,2023-04-14,South,Debit Card
STU1530,Student531,C,Bag,17.49,4,69.96,1.76,68.2,2023-06-30,East,Online Payment
STU1531,Student532,D,Book,12.26,3,36.78,5.94,30.84,2023-06-11,East,Online Payment
STU1532,Student533,D,Notebook,22.27,3,66.81,0.23,66.58,2023-06-02,West,Credit Card
STU1533,Student534,B,Pencil,78.45,2,156.9,7.01,149.89,2023-11-09,North,Credit Card
STU1534,Student535,C,Pen,40.32,4,161.28,18.32,142.96,2023-05-15,East,Online Payment
STU1535,Student536,D,Notebook,88.53,3,265.59,1.25,264.34,2023-11-27,North,Online Payment
STU1536,Student537,C,Eraser,83.83,3,251.49,39.25,212.24,2023-02-14,East,Debit Card
STU1537,Student538,A,Notebook,42.81,4,171.24,30.8,140.44,2023-06-06,South,Credit Card
STU1538,Student539,B,Book,28.43,4,113.72,10.77,102.95,2023-05-04,East,Online Payment
STU1539,Student540,A,Book,50.01,2,100.02,11.65,88.37,2023-04-14,West,Debit Card
STU1540,Student541,D,Bag,94.56,1,94.56,10.04,84.52,2023-11-27,South,Debit Card
STU1541,Student542,C,Pen,96.46,4,385.84,59.95,325.89,2023-01-17,East,Credit Card
STU1542,Student543,A,Pen,26.41,4,105.64,13.09,92.55,2023-01-26,East,Debit Card
STU1543,Student544,C,Eraser,85.48,3,256.44,29.66,226.78,2023-09-24,North,Debit Card
STU1544,Student545,C,Bag,98.26,4,393.04,49.99,343.05,2023-12-17,North,Credit Card
STU1545,Student546,B,Pen,69.04,3,207.12,33.55,173.57,2023-06-24,West,Credit Card
STU1546,Student547,A,Eraser,92.16,4,368.64,53.45,315.19,2023-02-26,East,Debit Card
STU1547,Student548,C,Bag,89.56,1,89.56,12.36,77.2,2023-10-09,North,Debit Card
STU1548,Student549,B,Notebook,18.99,1,18.99,1.89,17.1,2023-12-27,North,Debit Card
STU1549,Student550,C,Book,47.53,2,95.06,7.9,87.16,2023-08-14,North,Credit Card
STU1550,Student551,B,Notebook,27.98,1,27.98,5.31,22.67,2023-02-15,East,Debit Card
STU1551,Student552,D,Pen,12.24,2,24.48,4.55,19.93,2023-07-29,North,Credit Card
STU1552,Student553,B,Pencil,56.95,2,113.9,9.86,104.04,2023-08-10,West,Credit Card
STU1553,Student554,B,Bag,58.28,2,116.56,10.39,106.17,2023-08-23,South,Cash
STU1554,Student555,D,Notebook,69.06,1,69.06,13.55,55.51,2023-11-29,East,Online Payment
STU1555,Student556,B,Pencil,55.09,3,165.27,8.0,157.27,2023-03-11,North,Cash
STU1556,Student557,A,Book,15.34,4,61.36,11.68,49.68,2023-02-17,South,Credit Card
STU1557,Student558,A,Bag,43.63,3,130.89,25.68,105.21,2023-11-28,South,Debit Card
STU1558,Student559,C,Bag,29.66,1,29.66,5.45,24.21,2023-11-07,West,Cash
STU1559,Student560,C,Pencil,25.33,2,50.66,9.94,40.72,2023-09-17,East,Debit Card
STU1560,Student561,C,Pencil,83.79,1,83.79,15.21,68.58,2023-12-20,East,Cash
STU1561,Student562,A,Eraser,71.34,3,214.02,22.32,191.7,2023-09-04,North,Cash
STU1562,Student563,A,Pencil,42.32,2,84.64,8.07,76.57,2023-12-18,North,Debit Card
STU1563,Student564,A,Eraser,34.45,2,68.9,8.83,60.07,2023-02-08,North,Online Payment
STU1564,Student565,B,Pencil,79.23,4,316.92,35.82,281.1,2023-12-08,West,Credit Card
STU1565,Student566,B,Bag,86.24,4,344.96,0.84,344.12,2023-03-15,East,Credit Card
STU1566,Student567,B,Eraser,79.52,4,318.08,58.92,259.16,2023-09-12,North,Credit Card
STU1567,Student568,B,Book,65.26,4,261.04,42.19,218.85,2023-12-26,East,Online Payment
STU1568,Student569,D,Notebook,85.56,4,342.24,55.32,286.92,2023-10-05,West,Online Payment
STU1569,Student570,B,Notebook,45.73,1,45.73,3.68,42.05,2023-12-30,East,Cash
STU1570,Student571,B,Book,67.93,2,135.86,24.49,111.37,2023-09-05,North,Online Payment
STU1571,Student572,C,Book,99.06,2,198.12,39.36,158.76,2023-06-09,West,Debit Card
STU1572,Student573,B,Pen,53.71,3,161.13,11.98,149.15,2023-04-27,South,Debit Card
STU1573,Student574,C,Pen,8.1,3,24.3,4.62,19.68,2023-04-01,North,Debit Card
STU1574,Student575,D,Book,31.18,1,31.18,4.91,26.27,2023-04-26,West,Debit Card
STU1575,Student576,D,Eraser,41.7,1,41.7,2.99,38.71,2023-11-20,East,Online Payment
STU1576,Student577,A,Pencil,85.49,1,85.49,3.28,82.21,2023-12-31,North,Debit Card
STU1577,Student578,D,Pen,97.57,3,292.71,29.62,263.09,2023-07-22,North,Debit Card
STU1578,Student579,B,Pen,76.42,1,76.42,0.55,75.87,2023-10-05,South,Cash
STU1579,Student580,B,Pen,87.34,1,87.34,3.93,83.41,2023-03-09,South,Debit Card
STU1580,Student581,B,Book,60.25,3,180.75,20.36,160.39,2023-05-29,East,Cash
STU1581,Student582,D,Eraser,54.09,2,108.18,18.17,90.01,2023-04-19,North,Debit Card
STU1582,Student583,B,Eraser,38.54,3,115.62,20.9,94.72,2023-06-03,South,Debit Card
STU1583,Student584,B,Notebook,89.79,1,89.79,13.7,76.09,2023-10-06,South,Online Payment
STU1584,Student585,C,Pen,50.25,3,150.75,16.42,134.33,2023-04-19,West,Online Payment
STU1585,Student586,A,Notebook,61.16,1,61.16,3.62,57.54,2023-04-22,West,Credit Card
STU1586,Student587,A,Pencil,86.23,4,344.92,43.88,301.04,2023-11-20,North,Credit Card
STU1587,Student588,A,Eraser,33.05,3,99.15,10.05,89.1,2023-07-14,South,Cash
STU1588,Student589,A,Book,14.03,3,42.09,7.04,35.05,2023-07-08,East,Debit Card
STU1589,Student590,A,Bag,74.04,1,74.04,11.42,62.62,2023-01-04,South,Debit Card
STU1590,Student591,A,Eraser,19.4,1,19.4,1.8,17.6,2023-06-30,East,Online Payment
STU1591,Student592,C,Eraser,31.83,3,95.49,17.78,77.71,2023-12-17,North,Cash
STU1592,Student593,A,Notebook,17.15,2,34.3,3.65,30.65,2023-09-06,West,Online Payment
STU1593,Student594,B,Notebook,10.83,2,21.66,0.24,21.42,2023-05-18,East,Cash
STU1594,Student595,D,Pencil,24.05,3,72.15,4.39,67.76,2023-11-13,North,Online Payment
STU1595,Student596,B,Pen,46.56,4,186.24,0.05,186.19,2023-10-30,North,Debit Card
STU1596,Student597,C,Bag,23.16,4,92.64,4.16,88.48,2023-08-27,North,Debit Card
STU1597,Student598,A,Eraser,44.51,1,44.51,3.76,40.75,2023-11-02,South,Cash
STU1598,Student599,A,Eraser,90.12,1,90.12,12.84,77.28,2023-07-25,West,Debit Card
STU1599,Student600,A,Eraser,16.91,4,67.64,12.2,55.44,2023-08-16,West,Cash
STU1600,Student601,A,Notebook,98.56,4,394.24,60.12,334.12,2023-11-06,South,Cash
STU1601,Student602,B,Pen,61.11,1,61.11,4.65,56.46,2023-10-14,East,Credit Card
STU1602,Student603,A,Notebook,76.61,4,306.44,10.25,296.19,2023-09-12,West,Credit Card
STU1603,Student604,A,Book,54.17,1,54.17,10.32,43.85,2023-01-10,South,Online Payment
STU1604,Student605,A,Book,50.78,1,50.78,6.11,44.67,2023-04-21,West,Credit Card
STU1605,Student606,B,Book,72.87,1,72.87,8.16,64.71,2023-08-29,West,Cash
STU1606,Student607,A,Eraser,53.82,1,53.82,1.85,51.97,2023-03-22,North,Credit Card
STU1607,Student608,B,Bag,93.63,4,374.52,11.91,362.61,2023-09-28,South,Credit Card
STU1608,Student609,B,Book,72.86,3,218.58,35.13,183.45,2023-06-16,West,Debit Card
STU1609,Student610,C,Pencil,85.79,1,85.79,4.7,81.09,2023-09-08,North,Online Payment
STU1610,Student611,A,Book,9.93,1,9.93,0.69,9.24,2023-09-19,West,Debit Card
STU1611,Student612,C,Eraser,68.19,1,68.19,11.68,56.51,2023-03-04,West,Cash
STU1612,Student613,C,Book,77.65,4,310.6,34.92,275.68,2023-07-02,East,Online Payment
STU1613,Student614,A,Bag,57.18,1,57.18,4.35,52.83,2023-09-28,South,Cash
STU1614,Student615,D,Pen,53.13,4,212.52,31.22,181.3,2023-12-05,West,Cash
STU1615,Student616,D,Eraser,79.31,3,237.93,0.54,237.39,2023-11-10,East,Debit Card
STU1616,Student617,A,Pen,63.51,2,127.02,11.12,115.9,2023-08-04,West,Cash
STU1617,Student618,B,Notebook,71.96,3,215.88,30.49,185.39,2023-06-17,West,Online Payment
STU1618,Student619,C,Eraser,9.91,1,9.91,0.61,9.3,2023-12-02,East,Online Payment
STU1619,Student620,C,Pen,86.95,1,86.95,16.72,70.23,2023-05-27,West,Debit Card
STU1620,Student621,A,Book,42.67,3,128.01,22.51,105.5,2023-03-30,East,Online Payment
STU1621,Student622,A,Notebook,19.94,4,79.76,9.97,69.79,2023-01-02,South,Cash
STU1622,Student623,B,Eraser,87.78,3,263.34,26.41,236.93,2023-11-24,East,Cash
STU1623,Student624,B,Book,28.79,4,115.16,21.54,93.62,2023-04-24,West,Online Payment
STU1624,Student625,C,Notebook,84.12,3,252.36,31.7,220.66,2023-11-24,South,Online Payment
STU1625,Student626,B,Bag,9.92,1,9.92,0.04,9.88,2023-02-22,West,Debit Card
STU1626,Student627,B,Notebook,34.14,3,102.42,8.43,93.99,2023-04-07,South,Credit Card
STU1627,Student628,C,Notebook,45.9,4,183.6,14.85,168.75,2023-04-28,West,Debit Card
STU1628,Student629,A,Pencil,28.48,1,28.48,1.63,26.85,2023-01-19,South,Cash
STU1629,Student630,B,Pencil,69.37,3,208.11,2.36,205.75,2023-02-16,South,Online Payment
STU1630,Student631,C,Pen,41.24,1,41.24,5.29,35.95,2023-07-01,South,Online Payment
STU1631,Student632,D,Book,74.68,3,224.04,8.92,215.12,2023-05-08,East,Debit Card
STU1632,Student633,B,Pen,76.34,4,305.36,60.48,244.88,2023-10-07,West,Online Payment
STU1633,Student634,B,Bag,31.25,2,62.5,11.43,51.07,2023-08-06,West,Debit Card
STU1634,Student635,A,Book,47.76,2,95.52,3.43,92.09,2023-01-06,East,Credit Card
STU1635,Student636,B,Pen,57.04,4,228.16,18.42,209.74,2023-03-23,South,Credit Card
STU1636,Student637,B,Book,71.93,1,71.93,2.94,68.99,2023-06-26,East,Online Payment
STU1637,Student638,A,Book,42.77,3,128.31,15.54,112.77,2023-04-08,West,Online Payment
STU1638,Student639,B,Eraser,50.89,4,203.56,25.68,177.88,2023-10-07,South,Credit Card
STU1639,Student640,B,Pen,67.39,2,134.78,3.88,130.9,2023-10-22,East,Cash
STU1640,Student641,A,Bag,21.35,3,64.05,12.19,51.86,2023-02-10,West,Cash
STU1641,Student642,B,Notebook,13.75,4,55.0,5.04,49.96,2023-11-18,West,Credit Card
STU1642,Student643,A,Eraser,30.4,2,60.8,8.56,52.24,2023-05-14,West,Online Payment
STU1643,Student644,B,Pencil,28.83,2,57.66,5.2,52.46,2023-12-18,South,Cash
STU1644,Student645,A,Notebook,62.95,1,62.95,6.62,56.33,2023-02-28,West,Cash
STU1645,Student646,D,Pen,61.78,1,61.78,2.15,59.63,2023-03-24,West,Debit Card
STU1646,Student647,B,Notebook,15.06,2,30.12,3.69,26.43,2023-11-11,East,Cash
STU1647,Student648,C,Bag,74.97,4,299.88,0.4,299.48,2023-09-05,East,Online Payment
STU1648,Student649,C,Bag,60.82,2,121.64,9.09,112.55,2023-10-11,South,Cash
STU1649,Student650,B,Eraser,64.61,1,64.61,7.53,57.08,2023-11-01,South,Debit Card
STU1650,Student651,A,Pen,56.49,3,169.47,32.46,137.01,2023-03-14,East,Credit Card
STU1651,Student652,B,Pencil,84.78,2,169.56,25.07,144.49,2023-09-19,East,Online Payment
STU1652,Student653,B,Pen,97.82,1,97.82,9.74,88.08,2023-10-10,West,Debit Card
STU1653,Student654,C,Pen,46.19,3,138.57,24.67,113.9,2023-12-07,West,Credit Card
STU1654,Student655,B,Pen,91.88,4,367.52,63.31,304.21,2023-05-12,North,Credit Card
STU1655,Student656,A,Pen,46.27,1,46.27,4.06,42.21,2023-09-05,North,Debit Card
STU1656,Student657,B,Notebook,26.77,3,80.31,10.24,70.07,2023-06-19,South,Cash
STU1657,Student658,B,Eraser,71.58,1,71.58,1.31,70.27,2023-09-02,East,Credit Card
STU1658,Student659,C,Bag,88.36,4,353.44,64.43,289.01,2023-03-04,East,Online Payment
STU1659,Student660,B,Bag,38.82,2,77.64,4.21,73.43,2023-10-17,South,Credit Card
STU1660,Student661,B,Pencil,10.94,1,10.94,0.93,10.01,2023-11-14,North,Cash
STU1661,Student662,D,Bag,62.64,3,187.92,22.36,165.56,2023-04-04,North,Online Payment
STU1662,Student663,C,Eraser,95.39,2,190.78,33.77,157.01,2023-05-07,North,Online Payment
STU1663,Student664,A,Bag,83.18,3,249.54,14.14,235.4,2023-06-23,West,Cash
STU1664,Student665,A,Notebook,42.76,2,85.52,12.71,72.81,2023-04-01,East,Credit Card
STU1665,Student666,A,Bag,54.54,3,163.62,25.22,138.4,2023-07-28,South,Online Payment
STU1666,Student667,A,Eraser,92.47,2,184.94,29.58,155.36,2023-10-22,West,Debit Card
STU1667,Student668,A,Bag,30.54,4,122.16,22.36,99.8,2023-02-06,North,Online Payment
STU1668,Student669,A,Bag,68.31,4,273.24,43.03,230.21,2023-09-15,South,Credit Card
STU1669,Student670,B,Bag,64.87,3,194.61,24.83,169.78,2023-08-18,North,Cash
STU1670,Student671,A,Pencil,45.62,4,182.48,19.53,162.95,2023-04-17,North,Debit Card
STU1671,Student672,D,Eraser,93.95,4,375.8,31.52,344.28,2023-03-04,West,Cash
STU1672,Student673,A,Pen,32.78,3,98.34,11.78,86.56,2023-07-24,South,Credit Card
STU1673,Student674,B,Eraser,33.6,4,134.4,10.96,123.44,2023-12-29,West,Cash
STU1674,Student675,B,Book,51.65,4,206.6,8.68,197.92,2023-05-09,East,Online Payment
STU1675,Student676,D,Bag,77.62,2,155.24,0.36,154.88,2023-05-01,East,Cash
STU1676,Student677,A,Pencil,29.72,2,59.44,1.33,58.11,2023-05-13,West,Cash
STU1677,Student678,B,Book,79.72,4,318.88,42.36,276.52,2023-04-19,East,Cash
STU1678,Student679,D,Eraser,83.52,3,250.56,5.53,245.03,2023-03-10,East,Credit Card
STU1679,Student680,D,Notebook,5.76,4,23.04,1.15,21.89,2023-11-08,East,Debit Card
STU1680,Student681,C,Pen,57.57,1,57.57,4.11,53.46,2023-11-15,South,Debit Card
STU1681,Student682,B,Notebook,12.28,4,49.12,7.75,41.37,2023-11-07,South,Credit Card
STU1682,Student683,A,Pencil,25.53,3,76.59,14.6,61.99,2023-02-05,East,Cash
STU1683,Student684,C,Bag,65.06,1,65.06,6.58,58.48,2023-10-22,East,Cash
STU1684,Student685,D,Bag,27.02,1,27.02,0.55,26.47,2023-05-17,North,Online Payment
STU1685,Student686,B,Bag,12.38,1,12.38,1.25,11.13,2023-05-30,West,Credit Card
STU1686,Student687,B,Book,54.55,1,54.55,7.39,47.16,2023-03-17,South,Online Payment
STU1687,Student688,B,Eraser,86.58,3,259.74,21.53,238.21,2023-08-02,South,Credit Card
STU1688,Student689,C,Eraser,33.11,3,99.33,13.38,85.95,2023-05-21,South,Online Payment
STU1689,Student690,A,Book,73.58,4,294.32,13.52,280.8,2023-02-14,South,Online Payment
STU1690,Student691,B,Notebook,20.7,4,82.8,14.29,68.51,2023-05-14,East,Debit Card
STU1691,Student692,B,Bag,80.0,2,160.0,5.16,154.84,2023-10-16,East,Debit Card
STU1692,Student693,B,Eraser,37.8,2,75.6,2.51,73.09,2023-05-02,West,Cash
STU1693,Student694,A,Bag,38.66,4,154.64,18.0,136.64,2023-06-11,East,Credit Card
STU1694,Student695,A,Pencil,54.33,4,217.32,13.52,203.8,2023-06-16,West,Debit Card
STU1695,Student696,C,Bag,10.48,2,20.96,1.12,19.84,2023-04-28,East,Credit Card
STU1696,Student697,B,Notebook,25.86,4,103.44,11.83,91.61,2023-12-29,North,Debit Card
STU1697,Student698,B,Pencil,57.9,3,173.7,26.19,147.51,2023-01-19,South,Cash
STU1698,Student699,A,Notebook,69.5,4,278.0,39.04,238.96,2023-12-20,South,Credit Card
STU1699,Student700,B,Eraser,44.14,2,88.28,10.16,78.12,2023-04-03,North,Online Payment
STU1700,Student701,B,Eraser,55.59,1,55.59,7.75,47.84,2023-09-02,West,Online Payment
STU1701,Student702,A,Eraser,16.13,1,16.13,1.42,14.71,2023-12-10,East,Online Payment
STU1702,Student703,B,Notebook,70.75,3,212.25,4.85,207.4,2023-10-09,West,Debit Card
STU1703,Student704,A,Pen,90.09,3,270.27,41.78,228.49,2023-04-13,South,Cash
STU1704,Student705,A,Pen,44.83,1,44.83,5.48,39.35,2023-06-20,South,Debit Card
STU1705,Student706,D,Pen,11.56,1,11.56,0.94,10.62,2023-01-29,West,Credit Card
STU1706,Student707,B,Bag,64.7,4,258.8,36.99,221.81,2023-05-24,East,Debit Card
STU1707,Student708,C,Notebook,5.95,4,23.8,3.32,20.48,2023-11-08,North,Cash
STU1708,Student709,B,Notebook,84.43,1,84.43,14.76,69.67,2023-12-30,South,Online Payment
STU1709,Student710,C,Pencil,36.69,1,36.69,3.9,32.79,2023-12-05,East,Online Payment
STU1710,Student711,C,Pencil,82.96,1,82.96,14.64,68.32,2023-05-19,West,Online Payment
STU1711,Student712,B,Eraser,12.19,2,24.38,3.16,21.22,2023-05-26,East,Credit Card
STU1712,Student713,B,Notebook,90.67,4,362.68,15.08,347.6,2023-05-16,East,Debit Card
STU1713,Student714,B,Pencil,88.35,4,353.4,12.84,340.56,2023-12-26,North,Online Payment
STU1714,Student715,B,Bag,96.97,4,387.88,42.32,345.56,2023-02-18,West,Credit Card
STU1715,Student716,D,Bag,12.04,2,24.08,2.47,21.61,2023-12-01,North,Debit Card
STU1716,Student717,C,Notebook,27.0,1,27.0,3.02,23.98,2023-08-09,East,Debit Card
STU1717,Student718,D,Eraser,47.41,3,142.23,9.97,132.26,2023-11-16,South,Cash
STU1718,Student719,A,Notebook,62.8,3,188.4,13.93,174.47,2023-03-01,East,Online Payment
STU1719,Student720,C,Eraser,73.66,2,147.32,10.31,137.01,2023-04-06,North,Online Payment
STU1720,Student721,D,Pen,5.79,3,17.37,2.89,14.48,2023-09-13,East,Credit Card
STU1721,Student722,A,Book,50.98,4,203.92,25.78,178.14,2023-11-13,West,Debit Card
STU1722,Student723,A,Book,14.85,4,59.4,0.79,58.61,2023-05-16,North,Credit Card
STU1723,Student724,C,Bag,45.48,2,90.96,14.23,76.73,2023-11-14,East,Debit Card
STU1724,Student725,B,Pen,81.29,2,162.58,24.66,137.92,2023-12-21,South,Online Payment
STU1725,Student726,C,Book,68.76,4,275.04,39.23,235.81,2023-02-28,North,Cash
STU1726,Student727,A,Pencil,21.14,1,21.14,1.47,19.67,2023-08-03,North,Credit Card
STU1727,Student728,C,Book,62.51,1,62.51,8.18,54.33,2023-10-19,South,Cash
STU1728,Student729,A,Pencil,86.0,1,86.0,10.88,75.12,2023-11-28,West,Cash
STU1729,Student730,A,Notebook,50.02,1,50.02,7.13,42.89,2023-01-16,West,Online Payment
STU1730,Student731,A,Eraser,24.21,3,72.63,2.69,69.94,2023-08-25,East,Online Payment
STU1731,Student732,C,Eraser,25.42,2,50.84,8.83,42.01,2023-05-18,South,Cash
STU1732,Student733,C,Pencil,53.17,3,159.51,17.8,141.71,2023-08-06,South,Credit Card
STU1733,Student734,B,Bag,71.13,4,284.52,25.26,259.26,2023-10-06,South,Cash
STU1734,Student735,B,Eraser,67.65,4,270.6,23.33,247.27,2023-03-03,North,Online Payment
STU1735,Student736,D,Book,70.77,3,212.31,27.04,185.27,2023-08-10,North,Debit Card
STU1736,Student737,B,Notebook,26.38,2,52.76,2.84,49.92,2023-06-05,North,Cash
STU1737,Student738,C,Eraser,49.0,2,98.0,4.29,93.71,2023-12-22,West,Cash
STU1738,Student739,B,Bag,83.26,2,166.52,22.05,144.47,2023-07-26,West,Credit Card
STU1739,Student740,B,Pencil,78.91,3,236.73,46.56,190.17,2023-12-06,South,Debit Card
STU1740,Student741,B,Pen,78.5,4,314.0,23.13,290.87,2023-01-28,West,Online Payment
STU1741,Student742,B,Pencil,25.64,1,25.64,1.33,24.31,2023-03-11,South,Debit Card
STU1742,Student743,C,Pencil,44.45,4,177.8,8.66,169.14,2023-01-05,North,Cash
STU1743,Student744,B,Notebook,64.85,2,129.7,17.3,112.4,2023-08-05,East,Debit Card
STU1744,Student745,A,Notebook,90.3,3,270.9,27.86,243.04,2023-09-12,North,Debit Card
STU1745,Student746,D,Book,90.59,4,362.36,48.32,314.04,2023-09-15,North,Credit Card
STU1746,Student747,B,Pen,76.06,1,76.06,8.77,67.29,2023-09-13,West,Cash
STU1747,Student748,B,Book,96.89,3,290.67,58.07,232.6,2023-10-26,North,Credit Card
STU1748,Student749,D,Book,93.69,3,281.07,45.35,235.72,2023-12-31,West,Credit Card
STU1749,Student750,C,Pen,49.25,3,147.75,1.19,146.56,2023-09-10,West,Credit Card
STU1750,Student751,A,Book,35.22,3,105.66,0.47,105.19,2023-07-06,West,Online Payment
STU1751,Student752,D,Pen,85.67,2,171.34,19.4,151.94,2023-10-31,East,Credit Card
STU1752,Student753,C,Pen,34.66,2,69.32,0.2,69.12,2023-04-24,West,Online Payment
STU1753,Student754,B,Pencil,72.09,4,288.36,2.25,286.11,2023-07-26,North,Cash
STU1754,Student755,A,Pen,53.61,2,107.22,12.08,95.14,2023-07-27,West,Credit Card
STU1755,Student756,C,Eraser,44.41,1,44.41,5.21,39.2,2023-01-25,South,Credit Card
STU1756,Student757,C,Book,11.59,1,11.59,1.75,9.84,2023-06-20,North,Debit Card
STU1757,Student758,B,Pen,69.23,1,69.23,5.39,63.84,2023-10-03,West,Debit Card
STU1758,Student759,D,Bag,59.1,3,177.3,32.91,144.39,2023-04-20,North,Debit Card
STU1759,Student760,C,Eraser,40.29,4,161.16,17.01,144.15,2023-11-11,West,Online Payment
STU1760,Student761,A,Pen,49.58,1,49.58,9.73,39.85,2023-09-03,North,Credit Card
STU1761,Student762,B,Book,81.42,4,325.68,61.22,264.46,2023-01-14,East,Online Payment
STU1762,Student763,A,Pencil,10.07,3,30.21,5.03,25.18,2023-06-04,North,Online Payment
STU1763,Student764,C,Eraser,69.37,2,138.74,3.05,135.69,2023-03-16,North,Debit Card
STU1764,Student765,A,Notebook,20.9,1,20.9,0.23,20.67,2023-02-28,South,Cash
STU1765,Student766,B,Pen,71.23,1,71.23,0.99,70.24,2023-12-05,West,Credit Card
STU1766,Student767,C,Pencil,76.04,3,228.12,27.34,200.78,2023-05-23,North,Online Payment
STU1767,Student768,D,Bag,24.4,2,48.8,4.44,44.36,2023-07-28,East,Online Payment
STU1768,Student769,B,Pencil,84.55,2,169.1,2.05,167.05,2023-04-22,North,Online Payment
STU1769,Student770,C,Pencil,7.37,3,22.11,3.09,19.02,2023-09-25,East,Debit Card
STU1770,Student771,A,Pen,48.21,4,192.84,37.06,155.78,2023-05-11,North,Cash
STU1771,Student772,C,Pencil,65.71,2,131.42,10.56,120.86,2023-11-18,South,Debit Card
STU1772,Student773,A,Notebook,59.4,2,118.8,15.27,103.53,2023-01-26,West,Credit Card
STU1773,Student774,B,Eraser,75.35,4,301.4,21.39,280.01,2023-05-30,West,Cash
STU1774,Student775,C,Eraser,71.75,1,71.75,6.07,65.68,2023-07-28,East,Online Payment
STU1775,Student776,A,Book,62.65,4,250.6,12.34,238.26,2023-11-14,West,Cash
STU1776,Student777,A,Book,61.69,4,246.76,42.59,204.17,2023-08-27,East,Debit Card
STU1777,Student778,C,Book,69.93,3,209.79,30.94,178.85,2023-03-29,South,Cash
STU1778,Student779,C,Notebook,89.04,1,89.04,17.76,71.28,2023-07-31,South,Cash
STU1779,Student780,C,Eraser,25.54,1,25.54,3.18,22.36,2023-04-29,East,Cash
STU1780,Student781,C,Notebook,63.8,3,191.4,32.44,158.96,2023-08-10,South,Online Payment
STU1781,Student782,B,Notebook,17.15,4,68.6,0.92,67.68,2023-04-29,West,Online Payment
STU1782,Student783,B,Eraser,42.62,1,42.62,7.27,35.35,2023-12-16,West,Cash
STU1783,Student784,B,Notebook,34.07,2,68.14,5.25,62.89,2023-03-12,South,Debit Card
STU1784,Student785,A,Bag,25.03,2,50.06,4.76,45.3,2023-02-19,East,Credit Card
STU1785,Student786,D,Pencil,30.51,2,61.02,0.91,60.11,2023-09-28,South,Credit Card
STU1786,Student787,B,Book,18.99,3,56.97,11.23,45.74,2023-10-23,North,Credit Card
STU1787,Student788,B,Eraser,15.87,4,63.48,3.53,59.95,2023-12-26,South,Debit Card
STU1788,Student789,B,Eraser,24.69,4,98.76,5.91,92.85,2023-12-16,West,Credit Card
STU1789,Student790,D,Pen,6.95,2,13.9,0.71,13.19,2023-02-18,West,Online Payment
STU1790,Student791,A,Bag,38.6,1,38.6,0.48,38.12,2023-04-11,East,Cash
STU1791,Student792,B,Notebook,21.16,4,84.64,2.49,82.15,2023-06-15,West,Credit Card
STU1792,Student793,B,Pencil,87.14,3,261.42,14.19,247.23,2023-10-05,East,Credit Card
STU1793,Student794,C,Bag,51.03,3,153.09,21.64,131.45,2023-10-29,South,Credit Card
STU1794,Student795,A,Pen,81.36,1,81.36,7.79,73.57,2023-09-23,North,Cash
STU1795,Student796,D,Bag,53.02,2,106.04,6.61,99.43,2023-04-22,South,Credit Card
STU1796,Student797,D,Book,21.55,3,64.65,1.06,63.59,2023-09-04,East,Cash
STU1797,Student798,B,Eraser,98.5,2,197.0,32.4,164.6,2023-04-16,East,Online Payment
STU1798,Student799,C,Bag,31.78,2,63.56,5.83,57.73,2023-03-30,South,Cash
STU1799,Student800,D,Notebook,59.56,3,178.68,35.44,143.24,2023-04-16,South,Cash
STU1800,Student801,C,Notebook,34.82,3,104.46,2.64,101.82,2023-01-13,East,Online Payment
STU1801,Student802,A,Pen,99.0,1,99.0,18.62,80.38,2023-08-06,North,Online Payment
STU1802,Student803,B,Pencil,23.54,2,47.08,4.43,42.65,2023-07-20,South,Credit Card
STU1803,Student804,C,Book,51.79,4,207.16,28.47,178.69,2023-11-23,South,Debit Card
STU1804,Student805,B,Bag,16.12,4,64.48,5.25,59.23,2023-10-22,North,Debit Card
STU1805,Student806,C,Pencil,48.13,1,48.13,4.95,43.18,2023-12-31,South,Cash
STU1806,Student807,D,Notebook,95.39,1,95.39,9.73,85.66,2023-03-18,South,Cash
STU1807,Student808,D,Bag,60.03,2,120.06,20.88,99.18,2023-11-06,North,Debit Card
STU1808,Student809,B,Pen,26.83,3,80.49,15.01,65.48,2023-11-29,South,Credit Card
STU1809,Student810,A,Bag,67.86,2,135.72,3.57,132.15,2023-04-30,West,Online Payment
STU1810,Student811,D,Notebook,22.6,2,45.2,7.72,37.48,2023-05-11,East,Cash
STU1811,Student812,C,Eraser,22.37,2,44.74,8.08,36.66,2023-04-06,East,Debit Card
STU1812,Student813,A,Book,93.08,4,372.32,41.61,330.71,2023-11-14,South,Debit Card
STU1813,Student814,D,Notebook,18.59,2,37.18,1.88,35.3,2023-09-13,South,Cash
STU1814,Student815,D,Notebook,13.27,1,13.27,1.94,11.33,2023-12-15,East,Credit Card
STU1815,Student816,B,Pen,80.61,2,161.22,31.87,129.35,2023-05-07,South,Debit Card
STU1816,Student817,B,Notebook,25.95,2,51.9,5.4,46.5,2023-03-25,North,Debit Card
STU1817,Student818,B,Eraser,28.72,2,57.44,8.64,48.8,2023-02-14,South,Credit Card
STU1818,Student819,A,Eraser,87.71,2,175.42,1.88,173.54,2023-07-24,West,Cash
STU1819,Student820,B,Eraser,27.05,4,108.2,9.92,98.28,2023-09-30,West,Credit Card
STU1820,Student821,C,Eraser,32.93,4,131.72,24.26,107.46,2023-04-19,North,Debit Card
STU1821,Student822,A,Pen,94.74,4,378.96,15.73,363.23,2023-04-21,West,Credit Card
STU1822,Student823,B,Pencil,91.3,3,273.9,0.35,273.55,2023-06-05,North,Cash
STU1823,Student824,B,Pen,77.25,4,309.0,38.02,270.98,2023-09-03,North,Cash
STU1824,Student825,B,Notebook,45.85,1,45.85,6.46,39.39,2023-01-13,South,Cash
STU1825,Student826,D,Bag,78.1,1,78.1,11.06,67.04,2023-12-04,North,Online Payment
STU1826,Student827,B,Pencil,21.22,1,21.22,3.24,17.98,2023-04-22,West,Online Payment
STU1827,Student828,B,Pen,37.34,4,149.36,6.77,142.59,2023-05-23,South,Cash
STU1828,Student829,C,Pen,91.51,2,183.02,28.32,154.7,2023-02-22,North,Cash
STU1829,Student830,B,Notebook,9.77,4,39.08,2.18,36.9,2023-11-09,East,Debit Card
STU1830,Student831,A,Notebook,46.63,2,93.26,18.58,74.68,2023-02-13,East,Credit Card
STU1831,Student832,B,Eraser,7.37,2,14.74,0.64,14.1,2023-10-15,North,Online Payment
STU1832,Student833,A,Notebook,9.71,1,9.71,1.5,8.21,2023-03-13,North,Debit Card
STU1833,Student834,A,Eraser,92.62,4,370.48,28.14,342.34,2023-08-20,South,Online Payment
STU1834,Student835,B,Book,23.98,3,71.94,10.8,61.14,2023-06-20,West,Debit Card
STU1835,Student836,B,Notebook,66.89,1,66.89,3.17,63.72,2023-08-09,East,Cash
STU1836,Student837,D,Pencil,86.37,4,345.48,64.2,281.28,2023-12-08,East,Online Payment
STU1837,Student838,B,Pen,11.29,1,11.29,1.69,9.6,2023-11-06,South,Debit Card
STU1838,Student839,B,Notebook,13.32,1,13.32,0.62,12.7,2023-05-19,East,Online Payment
STU1839,Student840,C,Notebook,32.79,1,32.79,6.31,26.48,2023-03-04,West,Online Payment
STU1840,Student841,A,Book,8.94,3,26.82,1.42,25.4,2023-09-30,West,Debit Card
STU1841,Student842,C,Pen,67.07,4,268.28,17.04,251.24,2023-02-07,West,Credit Card
STU1842,Student843,A,Eraser,94.98,3,284.94,28.85,256.09,2023-08-02,North,Cash
STU1843,Student844,D,Pen,31.36,3,94.08,6.39,87.69,2023-09-26,West,Debit Card
STU1844,Student845,A,Book,5.98,4,23.92,2.6,21.32,2023-08-16,East,Credit Card
STU1845,Student846,B,Eraser,64.16,2,128.32,20.39,107.93,2023-09-09,North,Online Payment
STU1846,Student847,A,Eraser,37.3,4,149.2,9.34,139.86,2023-10-11,South,Credit Card
STU1847,Student848,D,Notebook,29.8,2,59.6,11.82,47.78,2023-04-07,West,Debit Card
STU1848,Student849,B,Book,93.87,4,375.48,70.51,304.97,2023-05-17,South,Credit Card
STU1849,Student850,B,Notebook,27.8,4,111.2,13.24,97.96,2023-05-22,East,Cash
STU1850,Student851,A,Notebook,47.63,3,142.89,14.33,128.56,2023-09-07,West,Online Payment
STU1851,Student852,C,Pen,5.48,2,10.96,1.45,9.51,2023-10-09,East,Cash
STU1852,Student853,A,Pencil,66.51,4,266.04,30.75,235.29,2023-11-19,East,Cash
STU1853,Student854,D,Pen,32.96,3,98.88,14.97,83.91,2023-04-23,South,Credit Card
STU1854,Student855,A,Eraser,5.65,4,22.6,3.91,18.69,2023-02-13,East,Cash
STU1855,Student856,A,Notebook,44.06,2,88.12,15.09,73.03,2023-12-06,West,Cash
STU1856,Student857,A,Notebook,76.96,4,307.84,19.32,288.52,2023-07-02,South,Online Payment
STU1857,Student858,B,Eraser,15.17,2,30.34,1.16,29.18,2023-06-07,East,Credit Card
STU1858,Student859,B,Bag,94.32,1,94.32,8.11,86.21,2023-04-26,South,Online Payment
STU1859,Student860,A,Book,16.39,2,32.78,3.19,29.59,2023-10-21,North,Cash
STU1860,Student861,C,Pen,69.8,2,139.6,8.37,131.23,2023-10-29,South,Cash
STU1861,Student862,B,Book,65.06,4,260.24,6.07,254.17,2023-03-11,North,Credit Card
STU1862,Student863,B,Eraser,90.73,4,362.92,15.82,347.1,2023-04-01,South,Debit Card
STU1863,Student864,B,Pencil,93.5,4,374.0,65.3,308.7,2023-12-26,North,Online Payment
STU1864,Student865,B,Pen,67.42,3,202.26,16.62,185.64,2023-05-18,South,Online Payment
STU1865,Student866,B,Bag,36.05,1,36.05,0.6,35.45,2023-07-22,East,Online Payment
STU1866,Student867,A,Notebook,81.09,1,81.09,1.6,79.49,2023-06-30,West,Debit Card
STU1867,Student868,A,Pencil,49.08,4,196.32,3.62,192.7,2023-12-24,South,Cash
STU1868,Student869,D,Book,25.4,1,25.4,4.55,20.85,2023-01-02,West,Credit Card
STU1869,Student870,D,Pen,75.19,4,300.76,37.11,263.65,2023-09-24,West,Debit Card
STU1870,Student871,B,Bag,55.57,4,222.28,38.81,183.47,2023-07-24,South,Debit Card
STU1871,Student872,B,Notebook,58.96,3,176.88,19.85,157.03,2023-08-08,South,Credit Card
STU1872,Student873,C,Pen,98.44,1,98.44,0.63,97.81,2023-07-05,North,Cash
STU1873,Student874,B,Pencil,45.97,3,137.91,3.98,133.93,2023-01-31,South,Online Payment
STU1874,Student875,A,Notebook,10.01,4,40.04,4.19,35.85,2023-10-05,East,Debit Card
STU1875,Student876,A,Pen,26.52,3,79.56,9.14,70.42,2023-09-06,South,Online Payment
STU1876,Student877,C,Eraser,59.88,2,119.76,21.5,98.26,2023-12-01,South,Credit Card
STU1877,Student878,C,Pencil,82.97,2,165.94,29.73,136.21,2023-07-27,North,Cash
STU1878,Student879,A,Bag,39.44,3,118.32,1.23,117.09,2023-03-31,South,Online Payment
STU1879,Student880,A,Book,19.82,2,39.64,3.7,35.94,2023-03-19,West,Online Payment
STU1880,Student881,A,Eraser,91.72,3,275.16,12.18,262.98,2023-08-27,North,Cash
STU1881,Student882,C,Eraser,18.26,3,54.78,9.02,45.76,2023-10-10,East,Online Payment
STU1882,Student883,A,Eraser,79.24,3,237.72,14.42,223.3,2023-06-12,West,Debit Card
STU1883,Student884,A,Book,6.59,1,6.59,1.23,5.36,2023-11-01,East,Online Payment
STU1884,Student885,C,Bag,44.97,2,89.94,0.59,89.35,2023-01-05,North,Debit Card
STU1885,Student886,A,Eraser,34.62,2,69.24,2.23,67.01,2023-08-30,West,Online Payment
STU1886,Student887,C,Pencil,97.26,1,97.26,18.05,79.21,2023-01-13,East,Cash
STU1887,Student888,A,Eraser,26.28,4,105.12,2.45,102.67,2023-01-19,East,Cash
STU1888,Student889,A,Pencil,78.49,3,235.47,31.17,204.3,2023-12-03,North,Online Payment
STU1889,Student890,A,Pencil,66.58,4,266.32,29.33,236.99,2023-05-02,North,Debit Card
STU1890,Student891,C,Pen,84.2,4,336.8,21.53,315.27,2023-05-25,East,Credit Card
STU1891,Student892,D,Notebook,90.43,2,180.86,3.83,177.03,2023-10-15,North,Debit Card
STU1892,Student893,C,Pen,76.25,2,152.5,20.61,131.89,2023-08-27,North,Credit Card
STU1893,Student894,B,Book,32.36,4,129.44,4.06,125.38,2023-08-08,East,Cash
STU1894,Student895,C,Pencil,91.19,4,364.76,30.58,334.18,2023-10-11,West,Debit Card
STU1895,Student896,A,Pen,54.24,2,108.48,12.09,96.39,2023-09-03,South,Credit Card
STU1896,Student897,B,Notebook,35.18,3,105.54,15.44,90.1,2023-07-20,South,Online Payment
STU1897,Student898,D,Notebook,34.74,2,69.48,12.31,57.17,2023-12-30,West,Online Payment
STU1898,Student899,A,Pencil,92.06,2,184.12,11.66,172.46,2023-10-13,North,Credit Card
STU1899,Student900,A,Bag,76.48,2,152.96,1.32,151.64,2023-08-09,South,Credit Card
STU1900,Student901,A,Notebook,42.83,2,85.66,14.12,71.54,2023-06-22,South,Cash
STU1901,Student902,A,Pencil,67.52,2,135.04,14.59,120.45,2023-05-02,South,Debit Card
STU1902,Student903,A,Pencil,27.53,4,110.12,8.35,101.77,2023-01-06,East,Debit Card
STU1903,Student904,B,Pen,28.86,2,57.72,2.88,54.84,2023-04-06,South,Cash
STU1904,Student905,B,Book,31.07,2,62.14,7.12,55.02,2023-04-22,East,Debit Card
STU1905,Student906,D,Bag,89.01,3,267.03,14.53,252.5,2023-05-19,West,Cash
STU1906,Student907,C,Pencil,72.72,4,290.88,56.18,234.7,2023-12-03,West,Credit Card
STU1907,Student908,B,Pencil,74.2,1,74.2,12.72,61.48,2023-10-18,South,Credit Card
STU1908,Student909,B,Notebook,94.94,4,379.76,29.03,350.73,2023-09-04,West,Online Payment
STU1909,Student910,B,Eraser,30.26,3,90.78,14.17,76.61,2023-11-12,West,Credit Card
STU1910,Student911,B,Pencil,23.16,2,46.32,6.37,39.95,2023-04-23,South,Debit Card
STU1911,Student912,B,Bag,33.93,1,33.93,1.23,32.7,2023-03-24,West,Credit Card
STU1912,Student913,C,Bag,89.28,1,89.28,5.49,83.79,2023-09-13,North,Credit Card
STU1913,Student914,B,Notebook,92.11,1,92.11,2.95,89.16,2023-08-25,North,Credit Card
STU1914,Student915,B,Notebook,58.71,3,176.13,26.68,149.45,2023-07-25,North,Credit Card
STU1915,Student916,B,Pen,73.8,2,147.6,11.6,136.0,2023-05-07,South,Credit Card
STU1916,Student917,B,Pen,6.58,2,13.16,0.42,12.74,2023-02-17,South,Credit Card
STU1917,Student918,D,Pen,20.49,3,61.47,2.89,58.58,2023-03-26,North,Credit Card
STU1918,Student919,C,Book,84.32,1,84.32,5.14,79.18,2023-07-28,West,Debit Card
STU1919,Student920,A,Notebook,26.99,4,107.96,6.0,101.96,2023-05-01,West,Cash
STU1920,Student921,D,Bag,44.86,2,89.72,3.83,85.89,2023-09-29,West,Cash
STU1921,Student922,B,Pen,59.53,2,119.06,20.43,98.63,2023-07-06,South,Debit Card
STU1922,Student923,D,Eraser,60.41,2,120.82,18.89,101.93,2023-08-27,East,Debit Card
STU1923,Student924,C,Pencil,8.82,4,35.28,2.57,32.71,2023-09-03,North,Credit Card
STU1924,Student925,B,Bag,56.7,3,170.1,18.21,151.89,2023-03-20,North,Debit Card
STU1925,Student926,A,Bag,30.79,3,92.37,2.44,89.93,2023-03-04,East,Debit Card
STU1926,Student927,B,Notebook,9.8,4,39.2,3.22,35.98,2023-02-12,East,Debit Card
STU1927,Student928,B,Pencil,81.54,1,81.54,5.18,76.36,2023-10-19,North,Cash
STU1928,Student929,C,Book,82.64,1,82.64,1.49,81.15,2023-10-19,South,Debit Card
STU1929,Student930,B,Bag,47.76,1,47.76,5.98,41.78,2023-04-11,West,Online Payment
STU1930,Student931,A,Notebook,12.93,4,51.72,3.43,48.29,2023-03-12,West,Credit Card
STU1931,Student932,C,Book,9.87,4,39.48,5.99,33.49,2023-10-12,South,Online Payment
STU1932,Student933,D,Book,36.77,4,147.08,20.41,126.67,2023-10-02,North,Online Payment
STU1933,Student934,B,Eraser,25.54,1,25.54,4.11,21.43,2023-01-27,South,Cash
STU1934,Student935,A,Notebook,91.53,1,91.53,2.73,88.8,2023-11-22,East,Cash
STU1935,Student936,B,Pen,37.92,2,75.84,6.2,69.64,2023-09-29,North,Debit Card
STU1936,Student937,A,Pen,21.27,2,42.54,0.29,42.25,2023-02-14,East,Cash
STU1937,Student938,D,Book,37.07,2,74.14,2.87,71.27,2023-11-14,North,Online Payment
STU1938,Student939,A,Eraser,97.72,4,390.88,69.27,321.61,2023-11-25,South,Credit Card
STU1939,Student940,B,Book,26.85,3,80.55,10.44,70.11,2023-04-26,North,Debit Card
STU1940,Student941,B,Eraser,68.88,1,68.88,1.94,66.94,2023-10-15,South,Credit Card
STU1941,Student942,B,Notebook,83.31,2,166.62,1.51,165.11,2023-12-09,North,Online Payment
STU1942,Student943,C,Book,75.11,1,75.11,1.23,73.88,2023-11-20,East,Debit Card
STU1943,Student944,C,Pencil,30.71,2,61.42,0.37,61.05,2023-05-17,West,Credit Card
STU1944,Student945,A,Pen,19.84,3,59.52,1.4,58.12,2023-06-08,West,Online Payment
STU1945,Student946,A,Eraser,67.65,1,67.65,6.86,60.79,2023-12-05,North,Online Payment
STU1946,Student947,A,Pen,98.59,4,394.36,48.85,345.51,2023-05-18,East,Online Payment
STU1947,Student948,D,Bag,45.61,4,182.44,24.28,158.16,2023-12-18,North,Cash
STU1948,Student949,D,Notebook,85.8,2,171.6,0.81,170.79,2023-04-17,West,Cash
STU1949,Student950,B,Pencil,31.5,3,94.5,10.51,83.99,2023-01-04,North,Debit Card
STU1950,Student951,C,Bag,62.3,3,186.9,30.59,156.31,2023-04-05,East,Online Payment
STU1951,Student952,C,Notebook,49.74,3,149.22,29.6,119.62,2023-11-17,West,Online Payment
STU1952,Student953,A,Pencil,66.95,1,66.95,10.25,56.7,2023-04-16,East,Debit Card
STU1953,Student954,D,Notebook,87.23,4,348.92,4.26,344.66,2023-10-23,South,Cash
STU1954,Student955,B,Pen,13.86,3,41.58,7.04,34.54,2023-01-12,South,Online Payment
STU1955,Student956,B,Pen,19.42,3,58.26,6.92,51.34,2023-11-01,North,Cash
STU1956,Student957,B,Bag,69.84,4,279.36,0.08,279.28,2023-03-25,South,Cash
STU1957,Student958,A,Pencil,31.21,1,31.21,0.11,31.1,2023-09-23,West,Credit Card
STU1958,Student959,A,Bag,70.77,4,283.08,18.33,264.75,2023-12-27,East,Online Payment
STU1959,Student960,C,Pencil,66.96,3,200.88,2.41,198.47,2023-07-27,East,Credit Card
STU1960,Student961,A,Pencil,25.17,1,25.17,4.28,20.89,2023-12-29,East,Online Payment
STU1961,Student962,C,Bag,15.78,4,63.12,4.31,58.81,2023-03-30,West,Debit Card
STU1962,Student963,A,Pencil,93.24,4,372.96,9.43,363.53,2023-12-12,South,Credit Card
STU1963,Student964,B,Bag,6.3,4,25.2,4.07,21.13,2023-06-25,South,Credit Card
STU1964,Student965,B,Notebook,7.65,4,30.6,4.76,25.84,2023-05-04,South,Debit Card
STU1965,Student966,B,Eraser,73.8,2,147.6,8.74,138.86,2023-06-08,West,Cash
STU1966,Student967,C,Notebook,81.52,2,163.04,1.64,161.4,2023-01-12,East,Online Payment
STU1967,Student968,B,Pencil,61.24,4,244.96,27.63,217.33,2023-10-07,West,Debit Card
STU1968,Student969,B,Book,39.46,2,78.92,1.42,77.5,2023-05-26,East,Debit Card
STU1969,Student970,B,Eraser,17.11,2,34.22,6.28,27.94,2023-11-28,East,Online Payment
STU1970,Student971,C,Pencil,19.32,2,38.64,5.52,33.12,2023-01-22,East,Online Payment
STU1971,Student972,D,Bag,54.92,4,219.68,43.69,175.99,2023-08-05,North,Online Payment
STU1972,Student973,C,Pencil,34.25,1,34.25,4.66,29.59,2023-01-18,West,Cash
STU1973,Student974,A,Bag,60.21,3,180.63,0.04,180.59,2023-05-03,East,Cash
STU1974,Student975,A,Bag,12.76,1,12.76,1.69,11.07,2023-04-14,East,Debit Card
STU1975,Student976,B,Pen,17.14,3,51.42,0.17,51.25,2023-07-17,East,Cash
STU1976,Student977,B,Notebook,70.04,1,70.04,9.32,60.72,2023-05-22,North,Online Payment
STU1977,Student978,A,Notebook,17.1,2,34.2,0.92,33.28,2023-02-13,East,Cash
STU1978,Student979,B,Eraser,92.8,2,185.6,34.09,151.51,2023-04-08,West,Credit Card
STU1979,Student980,B,Eraser,35.23,3,105.69,8.5,97.19,2023-04-14,East,Credit Card
STU1980,Student981,B,Notebook,32.38,2,64.76,1.53,63.23,2023-12-19,South,Debit Card
STU1981,Student982,C,Pen,6.3,3,18.9,1.35,17.55,2023-03-24,West,Cash
STU1982,Student983,A,Bag,19.08,2,38.16,4.12,34.04,2023-09-08,North,Credit Card
STU1983,Student984,A,Bag,83.24,1,83.24,8.56,74.68,2023-11-22,South,Credit Card
STU1984,Student985,C,Pen,82.16,3,246.48,18.73,227.75,2023-11-21,North,Credit Card
STU1985,Student986,B,Book,41.93,1,41.93,3.27,38.66,2023-05-09,North,Debit Card
STU1986,Student987,C,Book,34.92,3,104.76,1.7,103.06,2023-02-23,South,Credit Card
STU1987,Student988,B,Bag,47.19,1,47.19,0.83,46.36,2023-01-16,North,Online Payment
STU1988,Student989,A,Pen,99.58,2,199.16,18.47,180.69,2023-02-27,West,Online Payment
STU1989,Student990,C,Notebook,50.26,1,50.26,4.05,46.21,2023-12-06,East,Online Payment
STU1990,Student991,C,Pen,69.81,1,69.81,9.7,60.11,2023-06-10,East,Debit Card
STU1991,Student992,C,Eraser,65.08,3,195.24,26.03,169.21,2023-12-30,North,Cash
STU1992,Student993,B,Book,70.88,1,70.88,3.64,67.24,2023-06-16,South,Credit Card
STU1993,Student994,B,Book,87.92,2,175.84,34.98,140.86,2023-06-22,West,Online Payment
STU1994,Student995,B,Notebook,79.13,1,79.13,0.41,78.72,2023-03-27,East,Credit Card
STU1995,Student996,A,Pencil,34.22,3,102.66,12.67,89.99,2023-12-08,West,Credit Card
STU1996,Student997,D,Pen,27.09,4,108.36,2.72,105.64,2023-10-25,North,Credit Card
STU1997,Student998,A,Pen,54.74,3,164.22,15.72,148.5,2023-10-26,West,Cash
STU1998,Student999,D,Pencil,31.4,1,31.4,0.54,30.86,2023-07-30,East,Credit Card
STU1999,Student1000,B,Notebook,84.08,3,252.24,29.54,222.7,2023-09-24,South,Cash
